
lightbox.elf:     file format elf32-littleriscv


Disassembly of section .init:

00000000 <InterruptVector>:
	void InterruptVectorDefault()  __attribute__((naked)) __attribute((section(".init"))) __attribute((naked));

	void InterruptVectorDefault( void )
	{
		#if !defined(FUNCONF_TINYVECTOR) || !FUNCONF_TINYVECTOR
			asm volatile( DEFAULT_INTERRUPT_VECTOR_CONTENTS );
   0:	3dd0006f          	j	bdc <handle_reset>
   4:	0000                	unimp
   6:	0000                	unimp
   8:	0c52                	slli	s8,s8,0x14
   a:	0000                	unimp
   c:	0c52                	slli	s8,s8,0x14
	...
  2e:	0000                	unimp
  30:	0c52                	slli	s8,s8,0x14
  32:	0000                	unimp
  34:	0000                	unimp
  36:	0000                	unimp
  38:	0c52                	slli	s8,s8,0x14
  3a:	0000                	unimp
  3c:	0000                	unimp
  3e:	0000                	unimp
  40:	0c52                	slli	s8,s8,0x14
  42:	0000                	unimp
  44:	0c52                	slli	s8,s8,0x14
  46:	0000                	unimp
  48:	0c52                	slli	s8,s8,0x14
  4a:	0000                	unimp
  4c:	0c52                	slli	s8,s8,0x14
  4e:	0000                	unimp
  50:	0c52                	slli	s8,s8,0x14
  52:	0000                	unimp
  54:	0c52                	slli	s8,s8,0x14
  56:	0000                	unimp
  58:	0c52                	slli	s8,s8,0x14
  5a:	0000                	unimp
  5c:	0c52                	slli	s8,s8,0x14
  5e:	0000                	unimp
  60:	0c52                	slli	s8,s8,0x14
  62:	0000                	unimp
  64:	0c52                	slli	s8,s8,0x14
  66:	0000                	unimp
  68:	0c52                	slli	s8,s8,0x14
  6a:	0000                	unimp
  6c:	0c52                	slli	s8,s8,0x14
  6e:	0000                	unimp
  70:	0c52                	slli	s8,s8,0x14
  72:	0000                	unimp
  74:	0c52                	slli	s8,s8,0x14
  76:	0000                	unimp
  78:	0c52                	slli	s8,s8,0x14
  7a:	0000                	unimp
  7c:	0c52                	slli	s8,s8,0x14
  7e:	0000                	unimp
  80:	0c52                	slli	s8,s8,0x14
  82:	0000                	unimp
  84:	0c52                	slli	s8,s8,0x14
  86:	0000                	unimp
  88:	0c52                	slli	s8,s8,0x14
  8a:	0000                	unimp
  8c:	0c52                	slli	s8,s8,0x14
  8e:	0000                	unimp
  90:	0c52                	slli	s8,s8,0x14
  92:	0000                	unimp
  94:	0c52                	slli	s8,s8,0x14
  96:	0000                	unimp
  98:	0c52                	slli	s8,s8,0x14
  9a:	0000                	unimp
  9c:	0000                	unimp
	...

Disassembly of section .text:

00000400 <__udivdi3>:
     400:	fd810113          	addi	sp,sp,-40
     404:	d206                	sw	ra,36(sp)
     406:	d022                	sw	s0,32(sp)
     408:	ce26                	sw	s1,28(sp)
     40a:	832a                	mv	t1,a0
     40c:	2a069763          	bnez	a3,6ba <__udivdi3+0x2ba>
     410:	6685                	lui	a3,0x1
     412:	82b2                	mv	t0,a2
     414:	842a                	mv	s0,a0
     416:	3d468693          	addi	a3,a3,980 # 13d4 <__clz_tab>
     41a:	0ec5fc63          	bgeu	a1,a2,512 <__udivdi3+0x112>
     41e:	67c1                	lui	a5,0x10
     420:	84ae                	mv	s1,a1
     422:	0ef67163          	bgeu	a2,a5,504 <__udivdi3+0x104>
     426:	10063793          	sltiu	a5,a2,256
     42a:	0017c793          	xori	a5,a5,1
     42e:	078e                	slli	a5,a5,0x3
     430:	00f65533          	srl	a0,a2,a5
     434:	96aa                	add	a3,a3,a0
     436:	0006c683          	lbu	a3,0(a3)
     43a:	02000513          	li	a0,32
     43e:	97b6                	add	a5,a5,a3
     440:	40f506b3          	sub	a3,a0,a5
     444:	00f50c63          	beq	a0,a5,45c <__udivdi3+0x5c>
     448:	00d59733          	sll	a4,a1,a3
     44c:	00f357b3          	srl	a5,t1,a5
     450:	00d612b3          	sll	t0,a2,a3
     454:	00e7e4b3          	or	s1,a5,a4
     458:	00d31433          	sll	s0,t1,a3
     45c:	0102d793          	srli	a5,t0,0x10
     460:	c03e                	sw	a5,0(sp)
     462:	4582                	lw	a1,0(sp)
     464:	01029793          	slli	a5,t0,0x10
     468:	83c1                	srli	a5,a5,0x10
     46a:	8526                	mv	a0,s1
     46c:	c816                	sw	t0,16(sp)
     46e:	c23e                	sw	a5,4(sp)
     470:	460000ef          	jal	ra,8d0 <__hidden___udivsi3>
     474:	85aa                	mv	a1,a0
     476:	c62a                	sw	a0,12(sp)
     478:	4512                	lw	a0,4(sp)
     47a:	3de000ef          	jal	ra,858 <__mulsi3>
     47e:	4582                	lw	a1,0(sp)
     480:	c42a                	sw	a0,8(sp)
     482:	8526                	mv	a0,s1
     484:	478000ef          	jal	ra,8fc <__umodsi3>
     488:	4632                	lw	a2,12(sp)
     48a:	46a2                	lw	a3,8(sp)
     48c:	0542                	slli	a0,a0,0x10
     48e:	01045713          	srli	a4,s0,0x10
     492:	8f49                	or	a4,a4,a0
     494:	42c2                	lw	t0,16(sp)
     496:	84b2                	mv	s1,a2
     498:	00d77c63          	bgeu	a4,a3,4b0 <__udivdi3+0xb0>
     49c:	9716                	add	a4,a4,t0
     49e:	fff60493          	addi	s1,a2,-1
     4a2:	00576763          	bltu	a4,t0,4b0 <__udivdi3+0xb0>
     4a6:	00d77563          	bgeu	a4,a3,4b0 <__udivdi3+0xb0>
     4aa:	ffe60493          	addi	s1,a2,-2
     4ae:	9716                	add	a4,a4,t0
     4b0:	4582                	lw	a1,0(sp)
     4b2:	40d707b3          	sub	a5,a4,a3
     4b6:	853e                	mv	a0,a5
     4b8:	c816                	sw	t0,16(sp)
     4ba:	c43e                	sw	a5,8(sp)
     4bc:	414000ef          	jal	ra,8d0 <__hidden___udivsi3>
     4c0:	85aa                	mv	a1,a0
     4c2:	c62a                	sw	a0,12(sp)
     4c4:	4512                	lw	a0,4(sp)
     4c6:	0442                	slli	s0,s0,0x10
     4c8:	8041                	srli	s0,s0,0x10
     4ca:	38e000ef          	jal	ra,858 <__mulsi3>
     4ce:	c22a                	sw	a0,4(sp)
     4d0:	4582                	lw	a1,0(sp)
     4d2:	4522                	lw	a0,8(sp)
     4d4:	428000ef          	jal	ra,8fc <__umodsi3>
     4d8:	4732                	lw	a4,12(sp)
     4da:	4692                	lw	a3,4(sp)
     4dc:	0542                	slli	a0,a0,0x10
     4de:	8c49                	or	s0,s0,a0
     4e0:	863a                	mv	a2,a4
     4e2:	00d47c63          	bgeu	s0,a3,4fa <__udivdi3+0xfa>
     4e6:	42c2                	lw	t0,16(sp)
     4e8:	fff70613          	addi	a2,a4,-1
     4ec:	9416                	add	s0,s0,t0
     4ee:	00546663          	bltu	s0,t0,4fa <__udivdi3+0xfa>
     4f2:	00d47463          	bgeu	s0,a3,4fa <__udivdi3+0xfa>
     4f6:	ffe70613          	addi	a2,a4,-2
     4fa:	01049793          	slli	a5,s1,0x10
     4fe:	8fd1                	or	a5,a5,a2
     500:	4481                	li	s1,0
     502:	a0d5                	j	5e6 <__udivdi3+0x1e6>
     504:	01000537          	lui	a0,0x1000
     508:	47c1                	li	a5,16
     50a:	f2a663e3          	bltu	a2,a0,430 <__udivdi3+0x30>
     50e:	47e1                	li	a5,24
     510:	b705                	j	430 <__udivdi3+0x30>
     512:	4781                	li	a5,0
     514:	ca09                	beqz	a2,526 <__udivdi3+0x126>
     516:	67c1                	lui	a5,0x10
     518:	0cf67f63          	bgeu	a2,a5,5f6 <__udivdi3+0x1f6>
     51c:	10063793          	sltiu	a5,a2,256
     520:	0017c793          	xori	a5,a5,1
     524:	078e                	slli	a5,a5,0x3
     526:	00f65733          	srl	a4,a2,a5
     52a:	96ba                	add	a3,a3,a4
     52c:	0006c703          	lbu	a4,0(a3)
     530:	02000693          	li	a3,32
     534:	97ba                	add	a5,a5,a4
     536:	40f68733          	sub	a4,a3,a5
     53a:	0cf69563          	bne	a3,a5,604 <__udivdi3+0x204>
     53e:	40c58633          	sub	a2,a1,a2
     542:	4485                	li	s1,1
     544:	0102d793          	srli	a5,t0,0x10
     548:	c03e                	sw	a5,0(sp)
     54a:	4582                	lw	a1,0(sp)
     54c:	01029793          	slli	a5,t0,0x10
     550:	83c1                	srli	a5,a5,0x10
     552:	8532                	mv	a0,a2
     554:	ca16                	sw	t0,20(sp)
     556:	c23e                	sw	a5,4(sp)
     558:	c832                	sw	a2,16(sp)
     55a:	376000ef          	jal	ra,8d0 <__hidden___udivsi3>
     55e:	85aa                	mv	a1,a0
     560:	c62a                	sw	a0,12(sp)
     562:	4512                	lw	a0,4(sp)
     564:	2cd5                	jal	858 <__mulsi3>
     566:	4642                	lw	a2,16(sp)
     568:	4582                	lw	a1,0(sp)
     56a:	c42a                	sw	a0,8(sp)
     56c:	8532                	mv	a0,a2
     56e:	38e000ef          	jal	ra,8fc <__umodsi3>
     572:	43b2                	lw	t2,12(sp)
     574:	4322                	lw	t1,8(sp)
     576:	0542                	slli	a0,a0,0x10
     578:	01045693          	srli	a3,s0,0x10
     57c:	8ec9                	or	a3,a3,a0
     57e:	42d2                	lw	t0,20(sp)
     580:	879e                	mv	a5,t2
     582:	0066fc63          	bgeu	a3,t1,59a <__udivdi3+0x19a>
     586:	9696                	add	a3,a3,t0
     588:	fff38793          	addi	a5,t2,-1
     58c:	0056e763          	bltu	a3,t0,59a <__udivdi3+0x19a>
     590:	0066f563          	bgeu	a3,t1,59a <__udivdi3+0x19a>
     594:	ffe38793          	addi	a5,t2,-2
     598:	9696                	add	a3,a3,t0
     59a:	4582                	lw	a1,0(sp)
     59c:	ca3e                	sw	a5,20(sp)
     59e:	406687b3          	sub	a5,a3,t1
     5a2:	853e                	mv	a0,a5
     5a4:	c43e                	sw	a5,8(sp)
     5a6:	c816                	sw	t0,16(sp)
     5a8:	2625                	jal	8d0 <__hidden___udivsi3>
     5aa:	85aa                	mv	a1,a0
     5ac:	c62a                	sw	a0,12(sp)
     5ae:	4512                	lw	a0,4(sp)
     5b0:	0442                	slli	s0,s0,0x10
     5b2:	8041                	srli	s0,s0,0x10
     5b4:	2455                	jal	858 <__mulsi3>
     5b6:	4582                	lw	a1,0(sp)
     5b8:	c22a                	sw	a0,4(sp)
     5ba:	4522                	lw	a0,8(sp)
     5bc:	2681                	jal	8fc <__umodsi3>
     5be:	46b2                	lw	a3,12(sp)
     5c0:	4612                	lw	a2,4(sp)
     5c2:	0542                	slli	a0,a0,0x10
     5c4:	8c49                	or	s0,s0,a0
     5c6:	47d2                	lw	a5,20(sp)
     5c8:	85b6                	mv	a1,a3
     5ca:	00c47c63          	bgeu	s0,a2,5e2 <__udivdi3+0x1e2>
     5ce:	42c2                	lw	t0,16(sp)
     5d0:	fff68593          	addi	a1,a3,-1
     5d4:	9416                	add	s0,s0,t0
     5d6:	00546663          	bltu	s0,t0,5e2 <__udivdi3+0x1e2>
     5da:	00c47463          	bgeu	s0,a2,5e2 <__udivdi3+0x1e2>
     5de:	ffe68593          	addi	a1,a3,-2
     5e2:	07c2                	slli	a5,a5,0x10
     5e4:	8fcd                	or	a5,a5,a1
     5e6:	5092                	lw	ra,36(sp)
     5e8:	5402                	lw	s0,32(sp)
     5ea:	85a6                	mv	a1,s1
     5ec:	853e                	mv	a0,a5
     5ee:	44f2                	lw	s1,28(sp)
     5f0:	02810113          	addi	sp,sp,40
     5f4:	8082                	ret
     5f6:	01000737          	lui	a4,0x1000
     5fa:	47c1                	li	a5,16
     5fc:	f2e665e3          	bltu	a2,a4,526 <__udivdi3+0x126>
     600:	47e1                	li	a5,24
     602:	b715                	j	526 <__udivdi3+0x126>
     604:	00f5d4b3          	srl	s1,a1,a5
     608:	00e595b3          	sll	a1,a1,a4
     60c:	00f357b3          	srl	a5,t1,a5
     610:	00e612b3          	sll	t0,a2,a4
     614:	8fcd                	or	a5,a5,a1
     616:	c23e                	sw	a5,4(sp)
     618:	0102d793          	srli	a5,t0,0x10
     61c:	c03e                	sw	a5,0(sp)
     61e:	4582                	lw	a1,0(sp)
     620:	01029793          	slli	a5,t0,0x10
     624:	83c1                	srli	a5,a5,0x10
     626:	8526                	mv	a0,s1
     628:	ca16                	sw	t0,20(sp)
     62a:	c43e                	sw	a5,8(sp)
     62c:	00e31433          	sll	s0,t1,a4
     630:	2445                	jal	8d0 <__hidden___udivsi3>
     632:	85aa                	mv	a1,a0
     634:	c82a                	sw	a0,16(sp)
     636:	4522                	lw	a0,8(sp)
     638:	2405                	jal	858 <__mulsi3>
     63a:	4582                	lw	a1,0(sp)
     63c:	c62a                	sw	a0,12(sp)
     63e:	8526                	mv	a0,s1
     640:	2c75                	jal	8fc <__umodsi3>
     642:	4792                	lw	a5,4(sp)
     644:	4642                	lw	a2,16(sp)
     646:	46b2                	lw	a3,12(sp)
     648:	0542                	slli	a0,a0,0x10
     64a:	83c1                	srli	a5,a5,0x10
     64c:	8fc9                	or	a5,a5,a0
     64e:	42d2                	lw	t0,20(sp)
     650:	84b2                	mv	s1,a2
     652:	00d7fc63          	bgeu	a5,a3,66a <__udivdi3+0x26a>
     656:	9796                	add	a5,a5,t0
     658:	fff60493          	addi	s1,a2,-1
     65c:	0057e763          	bltu	a5,t0,66a <__udivdi3+0x26a>
     660:	00d7f563          	bgeu	a5,a3,66a <__udivdi3+0x26a>
     664:	ffe60493          	addi	s1,a2,-2
     668:	9796                	add	a5,a5,t0
     66a:	4582                	lw	a1,0(sp)
     66c:	8f95                	sub	a5,a5,a3
     66e:	853e                	mv	a0,a5
     670:	ca16                	sw	t0,20(sp)
     672:	c63e                	sw	a5,12(sp)
     674:	2cb1                	jal	8d0 <__hidden___udivsi3>
     676:	85aa                	mv	a1,a0
     678:	c82a                	sw	a0,16(sp)
     67a:	4522                	lw	a0,8(sp)
     67c:	2af1                	jal	858 <__mulsi3>
     67e:	4582                	lw	a1,0(sp)
     680:	c42a                	sw	a0,8(sp)
     682:	4532                	lw	a0,12(sp)
     684:	2ca5                	jal	8fc <__umodsi3>
     686:	00415603          	lhu	a2,4(sp)
     68a:	46c2                	lw	a3,16(sp)
     68c:	47a2                	lw	a5,8(sp)
     68e:	0542                	slli	a0,a0,0x10
     690:	8e49                	or	a2,a2,a0
     692:	42d2                	lw	t0,20(sp)
     694:	85b6                	mv	a1,a3
     696:	00f67c63          	bgeu	a2,a5,6ae <__udivdi3+0x2ae>
     69a:	9616                	add	a2,a2,t0
     69c:	fff68593          	addi	a1,a3,-1
     6a0:	00566763          	bltu	a2,t0,6ae <__udivdi3+0x2ae>
     6a4:	00f67563          	bgeu	a2,a5,6ae <__udivdi3+0x2ae>
     6a8:	ffe68593          	addi	a1,a3,-2
     6ac:	9616                	add	a2,a2,t0
     6ae:	01049713          	slli	a4,s1,0x10
     6b2:	8e1d                	sub	a2,a2,a5
     6b4:	00b764b3          	or	s1,a4,a1
     6b8:	b571                	j	544 <__udivdi3+0x144>
     6ba:	18d5eb63          	bltu	a1,a3,850 <__udivdi3+0x450>
     6be:	67c1                	lui	a5,0x10
     6c0:	02f6fe63          	bgeu	a3,a5,6fc <__udivdi3+0x2fc>
     6c4:	1006b793          	sltiu	a5,a3,256
     6c8:	0017c793          	xori	a5,a5,1
     6cc:	078e                	slli	a5,a5,0x3
     6ce:	6705                	lui	a4,0x1
     6d0:	00f6d533          	srl	a0,a3,a5
     6d4:	3d470713          	addi	a4,a4,980 # 13d4 <__clz_tab>
     6d8:	972a                	add	a4,a4,a0
     6da:	00074503          	lbu	a0,0(a4)
     6de:	953e                	add	a0,a0,a5
     6e0:	02000793          	li	a5,32
     6e4:	40a784b3          	sub	s1,a5,a0
     6e8:	02a79163          	bne	a5,a0,70a <__udivdi3+0x30a>
     6ec:	4785                	li	a5,1
     6ee:	eeb6ece3          	bltu	a3,a1,5e6 <__udivdi3+0x1e6>
     6f2:	00c33633          	sltu	a2,t1,a2
     6f6:	00164793          	xori	a5,a2,1
     6fa:	b5f5                	j	5e6 <__udivdi3+0x1e6>
     6fc:	01000737          	lui	a4,0x1000
     700:	47c1                	li	a5,16
     702:	fce6e6e3          	bltu	a3,a4,6ce <__udivdi3+0x2ce>
     706:	47e1                	li	a5,24
     708:	b7d9                	j	6ce <__udivdi3+0x2ce>
     70a:	009697b3          	sll	a5,a3,s1
     70e:	00a656b3          	srl	a3,a2,a0
     712:	00f6e433          	or	s0,a3,a5
     716:	009617b3          	sll	a5,a2,s1
     71a:	c03e                	sw	a5,0(sp)
     71c:	00a5d7b3          	srl	a5,a1,a0
     720:	c23e                	sw	a5,4(sp)
     722:	00a35533          	srl	a0,t1,a0
     726:	009595b3          	sll	a1,a1,s1
     72a:	00b567b3          	or	a5,a0,a1
     72e:	4512                	lw	a0,4(sp)
     730:	c43e                	sw	a5,8(sp)
     732:	01041793          	slli	a5,s0,0x10
     736:	83c1                	srli	a5,a5,0x10
     738:	01045593          	srli	a1,s0,0x10
     73c:	ca1a                	sw	t1,20(sp)
     73e:	c63e                	sw	a5,12(sp)
     740:	2a41                	jal	8d0 <__hidden___udivsi3>
     742:	85aa                	mv	a1,a0
     744:	c82a                	sw	a0,16(sp)
     746:	01041513          	slli	a0,s0,0x10
     74a:	8141                	srli	a0,a0,0x10
     74c:	2231                	jal	858 <__mulsi3>
     74e:	c62a                	sw	a0,12(sp)
     750:	4512                	lw	a0,4(sp)
     752:	01045593          	srli	a1,s0,0x10
     756:	225d                	jal	8fc <__umodsi3>
     758:	47a2                	lw	a5,8(sp)
     75a:	43c2                	lw	t2,16(sp)
     75c:	42b2                	lw	t0,12(sp)
     75e:	0107d613          	srli	a2,a5,0x10
     762:	0542                	slli	a0,a0,0x10
     764:	8e49                	or	a2,a2,a0
     766:	4352                	lw	t1,20(sp)
     768:	879e                	mv	a5,t2
     76a:	00567c63          	bgeu	a2,t0,782 <__udivdi3+0x382>
     76e:	9622                	add	a2,a2,s0
     770:	fff38793          	addi	a5,t2,-1
     774:	00866763          	bltu	a2,s0,782 <__udivdi3+0x382>
     778:	00567563          	bgeu	a2,t0,782 <__udivdi3+0x382>
     77c:	ffe38793          	addi	a5,t2,-2
     780:	9622                	add	a2,a2,s0
     782:	ca3e                	sw	a5,20(sp)
     784:	405607b3          	sub	a5,a2,t0
     788:	853e                	mv	a0,a5
     78a:	01045593          	srli	a1,s0,0x10
     78e:	cc1a                	sw	t1,24(sp)
     790:	c23e                	sw	a5,4(sp)
     792:	2a3d                	jal	8d0 <__hidden___udivsi3>
     794:	85aa                	mv	a1,a0
     796:	c82a                	sw	a0,16(sp)
     798:	01041513          	slli	a0,s0,0x10
     79c:	8141                	srli	a0,a0,0x10
     79e:	286d                	jal	858 <__mulsi3>
     7a0:	c62a                	sw	a0,12(sp)
     7a2:	4512                	lw	a0,4(sp)
     7a4:	01045593          	srli	a1,s0,0x10
     7a8:	2a91                	jal	8fc <__umodsi3>
     7aa:	00815603          	lhu	a2,8(sp)
     7ae:	43c2                	lw	t2,16(sp)
     7b0:	4732                	lw	a4,12(sp)
     7b2:	0542                	slli	a0,a0,0x10
     7b4:	8e49                	or	a2,a2,a0
     7b6:	47d2                	lw	a5,20(sp)
     7b8:	4362                	lw	t1,24(sp)
     7ba:	859e                	mv	a1,t2
     7bc:	00e67c63          	bgeu	a2,a4,7d4 <__udivdi3+0x3d4>
     7c0:	9622                	add	a2,a2,s0
     7c2:	fff38593          	addi	a1,t2,-1
     7c6:	00866763          	bltu	a2,s0,7d4 <__udivdi3+0x3d4>
     7ca:	00e67563          	bgeu	a2,a4,7d4 <__udivdi3+0x3d4>
     7ce:	ffe38593          	addi	a1,t2,-2
     7d2:	9622                	add	a2,a2,s0
     7d4:	40e60733          	sub	a4,a2,a4
     7d8:	4602                	lw	a2,0(sp)
     7da:	66c1                	lui	a3,0x10
     7dc:	07c2                	slli	a5,a5,0x10
     7de:	8fcd                	or	a5,a5,a1
     7e0:	fff68293          	addi	t0,a3,-1 # ffff <lightbox.c.420568a4+0xd318>
     7e4:	0057f433          	and	s0,a5,t0
     7e8:	005672b3          	and	t0,a2,t0
     7ec:	8241                	srli	a2,a2,0x10
     7ee:	c032                	sw	a2,0(sp)
     7f0:	8522                	mv	a0,s0
     7f2:	8596                	mv	a1,t0
     7f4:	2095                	jal	858 <__mulsi3>
     7f6:	83aa                	mv	t2,a0
     7f8:	4582                	lw	a1,0(sp)
     7fa:	8522                	mv	a0,s0
     7fc:	28b1                	jal	858 <__mulsi3>
     7fe:	842a                	mv	s0,a0
     800:	8596                	mv	a1,t0
     802:	0107d513          	srli	a0,a5,0x10
     806:	2889                	jal	858 <__mulsi3>
     808:	82aa                	mv	t0,a0
     80a:	4582                	lw	a1,0(sp)
     80c:	0107d513          	srli	a0,a5,0x10
     810:	20a1                	jal	858 <__mulsi3>
     812:	0103d613          	srli	a2,t2,0x10
     816:	005406b3          	add	a3,s0,t0
     81a:	00d60433          	add	s0,a2,a3
     81e:	00547463          	bgeu	s0,t0,826 <__udivdi3+0x426>
     822:	66c1                	lui	a3,0x10
     824:	9536                	add	a0,a0,a3
     826:	01045693          	srli	a3,s0,0x10
     82a:	96aa                	add	a3,a3,a0
     82c:	02d76063          	bltu	a4,a3,84c <__udivdi3+0x44c>
     830:	ccd718e3          	bne	a4,a3,500 <__udivdi3+0x100>
     834:	6741                	lui	a4,0x10
     836:	177d                	addi	a4,a4,-1
     838:	8c79                	and	s0,s0,a4
     83a:	0442                	slli	s0,s0,0x10
     83c:	00e3f733          	and	a4,t2,a4
     840:	00931333          	sll	t1,t1,s1
     844:	943a                	add	s0,s0,a4
     846:	4481                	li	s1,0
     848:	d8837fe3          	bgeu	t1,s0,5e6 <__udivdi3+0x1e6>
     84c:	17fd                	addi	a5,a5,-1
     84e:	b94d                	j	500 <__udivdi3+0x100>
     850:	4481                	li	s1,0
     852:	4781                	li	a5,0
     854:	bb49                	j	5e6 <__udivdi3+0x1e6>
	...

00000858 <__mulsi3>:
     858:	862a                	mv	a2,a0
     85a:	4501                	li	a0,0
     85c:	0015f693          	andi	a3,a1,1
     860:	c291                	beqz	a3,864 <__mulsi3+0xc>
     862:	9532                	add	a0,a0,a2
     864:	8185                	srli	a1,a1,0x1
     866:	0606                	slli	a2,a2,0x1
     868:	f9f5                	bnez	a1,85c <__mulsi3+0x4>
     86a:	8082                	ret
	...

0000086e <__muldi3>:
     86e:	1151                	addi	sp,sp,-12
     870:	c222                	sw	s0,4(sp)
     872:	842a                	mv	s0,a0
     874:	83b6                	mv	t2,a3
     876:	c406                	sw	ra,8(sp)
     878:	c026                	sw	s1,0(sp)
     87a:	8532                	mv	a0,a2
     87c:	82a2                	mv	t0,s0
     87e:	86b2                	mv	a3,a2
     880:	4701                	li	a4,0
     882:	4781                	li	a5,0
     884:	4301                	li	t1,0
     886:	0016f493          	andi	s1,a3,1
     88a:	00171613          	slli	a2,a4,0x1
     88e:	c491                	beqz	s1,89a <__muldi3+0x2c>
     890:	9316                	add	t1,t1,t0
     892:	973e                	add	a4,a4,a5
     894:	005337b3          	sltu	a5,t1,t0
     898:	97ba                	add	a5,a5,a4
     89a:	01f2d713          	srli	a4,t0,0x1f
     89e:	8285                	srli	a3,a3,0x1
     8a0:	8f51                	or	a4,a4,a2
     8a2:	0286                	slli	t0,t0,0x1
     8a4:	f2ed                	bnez	a3,886 <__muldi3+0x18>
     8a6:	c199                	beqz	a1,8ac <__muldi3+0x3e>
     8a8:	3f45                	jal	858 <__mulsi3>
     8aa:	97aa                	add	a5,a5,a0
     8ac:	00038663          	beqz	t2,8b8 <__muldi3+0x4a>
     8b0:	8522                	mv	a0,s0
     8b2:	859e                	mv	a1,t2
     8b4:	3755                	jal	858 <__mulsi3>
     8b6:	97aa                	add	a5,a5,a0
     8b8:	40a2                	lw	ra,8(sp)
     8ba:	4412                	lw	s0,4(sp)
     8bc:	4482                	lw	s1,0(sp)
     8be:	851a                	mv	a0,t1
     8c0:	85be                	mv	a1,a5
     8c2:	0131                	addi	sp,sp,12
     8c4:	8082                	ret
	...

000008c8 <__divsi3>:
     8c8:	02054e63          	bltz	a0,904 <__umodsi3+0x8>
     8cc:	0405c363          	bltz	a1,912 <__umodsi3+0x16>

000008d0 <__hidden___udivsi3>:
     8d0:	862e                	mv	a2,a1
     8d2:	85aa                	mv	a1,a0
     8d4:	557d                	li	a0,-1
     8d6:	c215                	beqz	a2,8fa <__hidden___udivsi3+0x2a>
     8d8:	4685                	li	a3,1
     8da:	00b67863          	bgeu	a2,a1,8ea <__hidden___udivsi3+0x1a>
     8de:	00c05663          	blez	a2,8ea <__hidden___udivsi3+0x1a>
     8e2:	0606                	slli	a2,a2,0x1
     8e4:	0686                	slli	a3,a3,0x1
     8e6:	feb66ce3          	bltu	a2,a1,8de <__hidden___udivsi3+0xe>
     8ea:	4501                	li	a0,0
     8ec:	00c5e463          	bltu	a1,a2,8f4 <__hidden___udivsi3+0x24>
     8f0:	8d91                	sub	a1,a1,a2
     8f2:	8d55                	or	a0,a0,a3
     8f4:	8285                	srli	a3,a3,0x1
     8f6:	8205                	srli	a2,a2,0x1
     8f8:	faf5                	bnez	a3,8ec <__hidden___udivsi3+0x1c>
     8fa:	8082                	ret

000008fc <__umodsi3>:
     8fc:	8286                	mv	t0,ra
     8fe:	3fc9                	jal	8d0 <__hidden___udivsi3>
     900:	852e                	mv	a0,a1
     902:	8282                	jr	t0
     904:	40a00533          	neg	a0,a0
     908:	00b04763          	bgtz	a1,916 <__umodsi3+0x1a>
     90c:	40b005b3          	neg	a1,a1
     910:	b7c1                	j	8d0 <__hidden___udivsi3>
     912:	40b005b3          	neg	a1,a1
     916:	8286                	mv	t0,ra
     918:	3f65                	jal	8d0 <__hidden___udivsi3>
     91a:	40a00533          	neg	a0,a0
     91e:	8282                	jr	t0

00000920 <__modsi3>:
     920:	8286                	mv	t0,ra
     922:	0005c763          	bltz	a1,930 <__modsi3+0x10>
     926:	00054963          	bltz	a0,938 <__modsi3+0x18>
     92a:	375d                	jal	8d0 <__hidden___udivsi3>
     92c:	852e                	mv	a0,a1
     92e:	8282                	jr	t0
     930:	40b005b3          	neg	a1,a1
     934:	fe055be3          	bgez	a0,92a <__modsi3+0xa>
     938:	40a00533          	neg	a0,a0
     93c:	3f51                	jal	8d0 <__hidden___udivsi3>
     93e:	40b00533          	neg	a0,a1
     942:	8282                	jr	t0
	...

00000946 <PrintHex>:
	while( (*DMDATA0) & 0x80 );
     946:	e0000737          	lui	a4,0xe0000
     94a:	0f472783          	lw	a5,244(a4) # e00000f4 <_eusrstack+0xbffff8f4>
     94e:	0f470693          	addi	a3,a4,244
     952:	0807f793          	andi	a5,a5,128
     956:	fbf5                	bnez	a5,94a <PrintHex+0x4>
	*DMDATA0 = 0x78302088; //" 0x"
     958:	783027b7          	lui	a5,0x78302
     95c:	08878793          	addi	a5,a5,136 # 78302088 <_eusrstack+0x58301888>
     960:	c29c                	sw	a5,0(a3)
	for( shift = 28; shift >= 0; shift -= 4 )
     962:	4771                	li	a4,28
		while( (*DMDATA0) & 0x80 );
     964:	e0000637          	lui	a2,0xe0000
		s += ( s < 10 ) ? '0' : ('a' - 10);
     968:	4325                	li	t1,9
	for( shift = 28; shift >= 0; shift -= 4 )
     96a:	55f1                	li	a1,-4
		while( (*DMDATA0) & 0x80 );
     96c:	0f462783          	lw	a5,244(a2) # e00000f4 <_eusrstack+0xbffff8f4>
     970:	0807f793          	andi	a5,a5,128
     974:	ffe5                	bnez	a5,96c <PrintHex+0x26>
		int s = (n>>shift) & 0xf;
     976:	00e557b3          	srl	a5,a0,a4
     97a:	00f7f693          	andi	a3,a5,15
		s += ( s < 10 ) ? '0' : ('a' - 10);
     97e:	03000793          	li	a5,48
     982:	00d35463          	bge	t1,a3,98a <PrintHex+0x44>
     986:	05700793          	li	a5,87
     98a:	97b6                	add	a5,a5,a3
		*DMDATA0 = 0x85 | (s<<8); //" 0x"
     98c:	07a2                	slli	a5,a5,0x8
     98e:	0857e793          	ori	a5,a5,133
     992:	0ef62a23          	sw	a5,244(a2)
	for( shift = 28; shift >= 0; shift -= 4 )
     996:	1771                	addi	a4,a4,-4
     998:	fcb71ae3          	bne	a4,a1,96c <PrintHex+0x26>
}
     99c:	8082                	ret

0000099e <DelaySysTick>:
#endif

void DelaySysTick( uint32_t n )
{
#if defined(CH32V003) || defined(CH32V00x)
	uint32_t targend = SysTick->CNT + n;
     99e:	e000f7b7          	lui	a5,0xe000f
     9a2:	479c                	lw	a5,8(a5)
	while( ((int32_t)( SysTick->CNT - targend )) < 0 );
     9a4:	e000f737          	lui	a4,0xe000f
	uint32_t targend = SysTick->CNT + n;
     9a8:	953e                	add	a0,a0,a5
	while( ((int32_t)( SysTick->CNT - targend )) < 0 );
     9aa:	471c                	lw	a5,8(a4)
     9ac:	8f89                	sub	a5,a5,a0
     9ae:	fe07cee3          	bltz	a5,9aa <DelaySysTick+0xc>
	uint64_t targend = SysTick->CNT - n;
	while( ((int64_t)( SysTick->CNT - targend )) > 0 );
#else
	#error DelaySysTick not defined.
#endif
}
     9b2:	8082                	ret

000009b4 <cie_scale>:
#define CIE_H

#include <stdint.h>

static uint16_t cie_scale(uint32_t Lx /*L* x100, 0..10000*/, uint32_t maxval)
{
     9b4:	1151                	addi	sp,sp,-12
    uint32_t d;
    if (Lx > 10000u) Lx = 10000u;
     9b6:	6789                	lui	a5,0x2
{
     9b8:	c222                	sw	s0,4(sp)
     9ba:	c406                	sw	ra,8(sp)
     9bc:	c026                	sw	s1,0(sp)
    if (Lx > 10000u) Lx = 10000u;
     9be:	71078793          	addi	a5,a5,1808 # 2710 <_data_lma+0x710>
{
     9c2:	842e                	mv	s0,a1
    if (Lx > 10000u) Lx = 10000u;
     9c4:	02a7eb63          	bltu	a5,a0,9fa <cie_scale+0x46>
    if (Lx <= 800u) {                                    /* L* <= 8.00 : 直線トウ */
     9c8:	32000793          	li	a5,800
     9cc:	862a                	mv	a2,a0
     9ce:	02a7e763          	bltu	a5,a0,9fc <cie_scale+0x48>
        d = (uint32_t)((uint64_t)maxval * Lx / 90330u);  /* /903.3 (x100) */
     9d2:	862e                	mv	a2,a1
     9d4:	4681                	li	a3,0
     9d6:	4581                	li	a1,0
     9d8:	3d59                	jal	86e <__muldi3>
     9da:	6659                	lui	a2,0x16
     9dc:	0da60613          	addi	a2,a2,218 # 160da <lightbox.c.420568a4+0x133f3>
     9e0:	4681                	li	a3,0
    } else {                                             /* べき乗則 */
        uint64_t t = (uint64_t)(Lx + 1600u);             /* (L*+16) x100 */
        d = (uint32_t)((uint64_t)maxval * t * t * t / 1560896000000ull); /* (116*100)^3 */
     9e2:	a1fff0ef          	jal	ra,400 <__udivdi3>
    }
    if (d > maxval) d = maxval;
    return (uint16_t)d;
     9e6:	00a47363          	bgeu	s0,a0,9ec <cie_scale+0x38>
     9ea:	8522                	mv	a0,s0
}
     9ec:	40a2                	lw	ra,8(sp)
     9ee:	4412                	lw	s0,4(sp)
     9f0:	0542                	slli	a0,a0,0x10
     9f2:	4482                	lw	s1,0(sp)
     9f4:	8141                	srli	a0,a0,0x10
     9f6:	0131                	addi	sp,sp,12
     9f8:	8082                	ret
    if (Lx > 10000u) Lx = 10000u;
     9fa:	863e                	mv	a2,a5
        uint64_t t = (uint64_t)(Lx + 1600u);             /* (L*+16) x100 */
     9fc:	64060493          	addi	s1,a2,1600
        d = (uint32_t)((uint64_t)maxval * t * t * t / 1560896000000ull); /* (116*100)^3 */
     a00:	8626                	mv	a2,s1
     a02:	4681                	li	a3,0
     a04:	8526                	mv	a0,s1
     a06:	4581                	li	a1,0
     a08:	359d                	jal	86e <__muldi3>
     a0a:	8622                	mv	a2,s0
     a0c:	4681                	li	a3,0
     a0e:	3585                	jal	86e <__muldi3>
     a10:	8626                	mv	a2,s1
     a12:	4681                	li	a3,0
     a14:	3da9                	jal	86e <__muldi3>
     a16:	6ca6d637          	lui	a2,0x6ca6d
     a1a:	16b00693          	li	a3,363
     a1e:	b7d1                	j	9e2 <cie_scale+0x2e>

00000a20 <flash_wait>:
 * g_store のオフセットを 0x08000000 に載せ替えて物理アドレスにする。 */
#define FLASH_PHYS_BASE   0x08000000u
#define STORE_BASE_ADDR   (FLASH_PHYS_BASE | ((uint32_t)(uintptr_t)g_store & 0x1FFFFu))
#define STORE_MEM         ((const volatile uint16_t *)STORE_BASE_ADDR)

static inline void flash_wait(void)   { while (FLASH->STATR & FLASH_STATR_BSY); }
     a20:	40022737          	lui	a4,0x40022
     a24:	475c                	lw	a5,12(a4)
     a26:	8b85                	andi	a5,a5,1
     a28:	fff5                	bnez	a5,a24 <flash_wait+0x4>
     a2a:	8082                	ret

00000a2c <store_first_empty>:
}

/* 先頭から最初の空(0xFFFF)セルの index を返す(=末尾なら STORE_CELLS) */
static uint32_t store_first_empty(void)
{
    const volatile uint16_t *c = STORE_MEM;
     a2c:	6789                	lui	a5,0x2
     a2e:	80078793          	addi	a5,a5,-2048 # 1800 <g_store>
     a32:	07be                	slli	a5,a5,0xf
     a34:	08000737          	lui	a4,0x8000
     a38:	83bd                	srli	a5,a5,0xf
     a3a:	8fd9                	or	a5,a5,a4
    uint32_t i = 0;
    while (i < STORE_CELLS && c[i] != 0xFFFFu) i++;
     a3c:	6741                	lui	a4,0x10
    uint32_t i = 0;
     a3e:	4501                	li	a0,0
    while (i < STORE_CELLS && c[i] != 0xFFFFu) i++;
     a40:	177d                	addi	a4,a4,-1
     a42:	40000613          	li	a2,1024
     a46:	00151693          	slli	a3,a0,0x1
     a4a:	96be                	add	a3,a3,a5
     a4c:	0006d683          	lhu	a3,0(a3) # 10000 <lightbox.c.420568a4+0xd319>
     a50:	06c2                	slli	a3,a3,0x10
     a52:	82c1                	srli	a3,a3,0x10
     a54:	00e68563          	beq	a3,a4,a5e <store_first_empty+0x32>
     a58:	0505                	addi	a0,a0,1
     a5a:	fec516e3          	bne	a0,a2,a46 <store_first_empty+0x1a>
    return i;
}
     a5e:	8082                	ret

00000a60 <ws_send_rgbw>:
static uint32_t g_nlStart     = 0;      /* 現フェーズ開始 tick */
static uint32_t g_nlRefresh   = 0;      /* 最終送信 tick */

/* 全LEDを1色でセットして送信 */
static void ws_send_rgbw(uint8_t r, uint8_t g, uint8_t b, uint8_t w)
{
     a60:	1141                	addi	sp,sp,-16
     a62:	c422                	sw	s0,8(sp)
     a64:	c606                	sw	ra,12(sp)
     a66:	c226                	sw	s1,4(sp)
    buf[0] = r; buf[1] = g; buf[2] = b; buf[3] = w;
     a68:	c2018793          	addi	a5,gp,-992 # 2000001c <g_nlBuf>
     a6c:	00d781a3          	sb	a3,3(a5)
     a70:	00a78023          	sb	a0,0(a5)
     a74:	00b780a3          	sb	a1,1(a5)
     a78:	00c78123          	sb	a2,2(a5)
#endif

void WS2812BSimpleSend( GPIO_TypeDef * port, int pin, uint8_t * data, int len_in_bytes )
{
	int port_id = (((intptr_t)port-(intptr_t)GPIOA)>>10);
	RCC->APB2PCENR |= (RCC_APB2Periph_GPIOA<<port_id);  // Make sure port is enabled.
     a7c:	40021737          	lui	a4,0x40021
     a80:	4f1c                	lw	a5,24(a4)

	int poffset = (pin*4);
	port->CFGLR = ( port->CFGLR & (~(0xf<<poffset))) | ((GPIO_Speed_2MHz | GPIO_CNF_OUT_PP)<<(poffset));
     a82:	fff106b7          	lui	a3,0xfff10
     a86:	16fd                	addi	a3,a3,-1
	RCC->APB2PCENR |= (RCC_APB2Periph_GPIOA<<port_id);  // Make sure port is enabled.
     a88:	0107e793          	ori	a5,a5,16
     a8c:	cf1c                	sw	a5,24(a4)
	port->CFGLR = ( port->CFGLR & (~(0xf<<poffset))) | ((GPIO_Speed_2MHz | GPIO_CNF_OUT_PP)<<(poffset));
     a8e:	40011737          	lui	a4,0x40011
     a92:	431c                	lw	a5,0(a4)

	int maskon = 1<<pin;
	int maskoff = 1<<(16+pin);

	port->BSHR = maskoff;
     a94:	c2018413          	addi	s0,gp,-992 # 2000001c <g_nlBuf>
	port->CFGLR = ( port->CFGLR & (~(0xf<<poffset))) | ((GPIO_Speed_2MHz | GPIO_CNF_OUT_PP)<<(poffset));
     a98:	8ff5                	and	a5,a5,a3
     a9a:	000206b7          	lui	a3,0x20
     a9e:	8fd5                	or	a5,a5,a3
     aa0:	c31c                	sw	a5,0(a4)
	port->BSHR = maskoff;
     aa2:	001007b7          	lui	a5,0x100
     aa6:	cb1c                	sw	a5,16(a4)

	uint8_t * end = data + len_in_bytes;
	while( data != end )
	{
		uint8_t byte = *data;
     aa8:	00044783          	lbu	a5,0(s0)
     aac:	44a1                	li	s1,8

		int i;
		for( i = 0; i < 8; i++ )
		{
			if( byte & 0x80 )
     aae:	01879713          	slli	a4,a5,0x18
     ab2:	8761                	srai	a4,a4,0x18
     ab4:	c03e                	sw	a5,0(sp)
     ab6:	04075463          	bgez	a4,afe <ws_send_rgbw+0x9e>
			{
				// WS2812B's need AT LEAST 625ns for a logical "1"
				port->BSHR = maskon;
     aba:	40011737          	lui	a4,0x40011
     abe:	4641                	li	a2,16
     ac0:	cb10                	sw	a2,16(a4)
				DelaySysTick(25);
     ac2:	4565                	li	a0,25
     ac4:	3de9                	jal	99e <DelaySysTick>
				port->BSHR = maskoff;
     ac6:	00100637          	lui	a2,0x100
     aca:	40011737          	lui	a4,0x40011
     ace:	cb10                	sw	a2,16(a4)
				DelaySysTick(1);
     ad0:	4505                	li	a0,1
				asm volatile( "nop\nnop\nnop\nnop" );
				port->BSHR = maskoff;
#ifndef WS2812BSIMPLE_NO_IRQ_TWEAKING
				__enable_irq();
#endif
				DelaySysTick(15);
     ad2:	35f1                	jal	99e <DelaySysTick>
     ad4:	4782                	lw	a5,0(sp)
		for( i = 0; i < 8; i++ )
     ad6:	14fd                	addi	s1,s1,-1
			}
			byte <<= 1;
     ad8:	0786                	slli	a5,a5,0x1
     ada:	0ff7f793          	andi	a5,a5,255
		for( i = 0; i < 8; i++ )
     ade:	f8e1                	bnez	s1,aae <ws_send_rgbw+0x4e>
		}

		data++;
     ae0:	0405                	addi	s0,s0,1
	while( data != end )
     ae2:	c2418793          	addi	a5,gp,-988 # 20000020 <g_nlPhaseOff>
     ae6:	fcf411e3          	bne	s0,a5,aa8 <ws_send_rgbw+0x48>
    for (uint32_t k = 0; k < WS_COUNT; k++) ws_pack(r, g, b, w, &g_nlBuf[k * WS_BPP]);
    WS2812BSimpleSend(WS_PORT, WS_PINNUM, g_nlBuf, (int)sizeof(g_nlBuf));
}
     aea:	40b2                	lw	ra,12(sp)
     aec:	4422                	lw	s0,8(sp)
	}

	port->BSHR = maskoff;
     aee:	400117b7          	lui	a5,0x40011
     af2:	00100737          	lui	a4,0x100
     af6:	cb98                	sw	a4,16(a5)
     af8:	4492                	lw	s1,4(sp)
     afa:	0141                	addi	sp,sp,16
     afc:	8082                	ret
}

// Disable Global Interrupt
RV_STATIC_INLINE void __disable_irq()
{
	uint32_t result; __ASM volatile( ADD_ARCH_ZICSR "csrr %0," "mstatus": "=r"(result) );
     afe:	30002773          	csrr	a4,mstatus
	result &= ~0x88; __ASM volatile( ADD_ARCH_ZICSR "csrw mstatus, %0" : : "r" (result) );
     b02:	f7777713          	andi	a4,a4,-137
     b06:	30071073          	csrw	mstatus,a4
				port->BSHR = maskon;
     b0a:	40011737          	lui	a4,0x40011
     b0e:	4641                	li	a2,16
     b10:	cb10                	sw	a2,16(a4)
				asm volatile( "nop\nnop\nnop\nnop" );
     b12:	0001                	nop
     b14:	0001                	nop
     b16:	0001                	nop
     b18:	0001                	nop
				port->BSHR = maskoff;
     b1a:	00100637          	lui	a2,0x100
     b1e:	cb10                	sw	a2,16(a4)
	uint32_t result; __ASM volatile( ADD_ARCH_ZICSR "csrr %0," "mstatus": "=r"(result) );
     b20:	30002773          	csrr	a4,mstatus
	result |= 0x88;  __ASM volatile( ADD_ARCH_ZICSR "csrw mstatus, %0" : : "r" (result) );
     b24:	08876713          	ori	a4,a4,136
     b28:	30071073          	csrw	mstatus,a4
				DelaySysTick(15);
     b2c:	453d                	li	a0,15
     b2e:	b755                	j	ad2 <ws_send_rgbw+0x72>

00000b30 <ws_off>:

static inline void ws_off(void) { ws_send_rgbw(0, 0, 0, 0); }
     b30:	4681                	li	a3,0
     b32:	4601                	li	a2,0
     b34:	4581                	li	a1,0
     b36:	4501                	li	a0,0
     b38:	b725                	j	a60 <ws_send_rgbw>

00000b3a <target_lx>:
static uint16_t g_fadeDurMs = 0;          /* 0 = フェードなし(停止) */

/* 目標 L*: ON なら現在レベルの L*, OFF なら 0 */
static inline uint16_t target_lx(void)
{
    return g_on ? (uint16_t)(10000u * g_level / LEVELS) : 0u;
     b3a:	c051c783          	lbu	a5,-1019(gp) # 20000001 <g_on>
     b3e:	cf99                	beqz	a5,b5c <target_lx+0x22>
     b40:	c041c503          	lbu	a0,-1020(gp) # 20000000 <g_level>
     b44:	6589                	lui	a1,0x2
{
     b46:	1151                	addi	sp,sp,-12
    return g_on ? (uint16_t)(10000u * g_level / LEVELS) : 0u;
     b48:	71058593          	addi	a1,a1,1808 # 2710 <_data_lma+0x710>
{
     b4c:	c406                	sw	ra,8(sp)
    return g_on ? (uint16_t)(10000u * g_level / LEVELS) : 0u;
     b4e:	3329                	jal	858 <__mulsi3>
}
     b50:	40a2                	lw	ra,8(sp)
    return g_on ? (uint16_t)(10000u * g_level / LEVELS) : 0u;
     b52:	8119                	srli	a0,a0,0x6
     b54:	0542                	slli	a0,a0,0x10
     b56:	8141                	srli	a0,a0,0x10
}
     b58:	0131                	addi	sp,sp,12
     b5a:	8082                	ret
     b5c:	4501                	li	a0,0
     b5e:	8082                	ret

00000b60 <output_refresh>:

/* g_dispLx から duty を算出し、保護を適用して PWM へ書く */
static void output_refresh(void)
{
    uint16_t duty = cie_scale(g_dispLx, PWM_TOP);
     b60:	c0e1d503          	lhu	a0,-1010(gp) # 2000000a <g_dispLx>
     b64:	6585                	lui	a1,0x1
{
     b66:	1151                	addi	sp,sp,-12
    uint16_t duty = cie_scale(g_dispLx, PWM_TOP);
     b68:	15fd                	addi	a1,a1,-1
{
     b6a:	c406                	sw	ra,8(sp)
     b6c:	c222                	sw	s0,4(sp)
    uint16_t duty = cie_scale(g_dispLx, PWM_TOP);
     b6e:	3599                	jal	9b4 <cie_scale>
    uint32_t arr = TIM2->ATRLR;               /* スペクトラム拡散で PWM_TOP から変動しうる */
     b70:	40000437          	lui	s0,0x40000
        duty = 0;                             /* 過熱: 強制遮断(火災リスク回避) */
    } else if (g_deratePct) {
        duty = (uint16_t)((uint32_t)duty * (100u - g_deratePct) / 100u); /* スロットル */
    }
#endif
    g_curDuty = duty;
     b74:	c0a19623          	sh	a0,-1012(gp) # 20000008 <g_curDuty>
    uint16_t duty = cie_scale(g_dispLx, PWM_TOP);
     b78:	85aa                	mv	a1,a0
    uint32_t arr = TIM2->ATRLR;               /* スペクトラム拡散で PWM_TOP から変動しうる */
     b7a:	02c45503          	lhu	a0,44(s0) # 4000002c <_eusrstack+0x1ffff82c>
     b7e:	0542                	slli	a0,a0,0x10
     b80:	8141                	srli	a0,a0,0x10
    TIM2->CH2CVR = (uint32_t)g_curDuty * (arr + 1u) / (PWM_TOP + 1u);
     b82:	0505                	addi	a0,a0,1
     b84:	cd5ff0ef          	jal	ra,858 <__mulsi3>
     b88:	8131                	srli	a0,a0,0xc
    pwm_write();
}
     b8a:	40a2                	lw	ra,8(sp)
    TIM2->CH2CVR = (uint32_t)g_curDuty * (arr + 1u) / (PWM_TOP + 1u);
     b8c:	dc08                	sw	a0,56(s0)
}
     b8e:	4412                	lw	s0,4(sp)
     b90:	0131                	addi	sp,sp,12
     b92:	8082                	ret

00000b94 <output_begin_fade>:
    else             { output_immediate(); }
}

/* ソフトスタート開始(ON/OFFトグル/起動時)。dur_ms=0 なら即時。 */
static void output_begin_fade(uint16_t dur_ms)
{
     b94:	1151                	addi	sp,sp,-12
     b96:	c222                	sw	s0,4(sp)
     b98:	c026                	sw	s1,0(sp)
     b9a:	c406                	sw	ra,8(sp)
     b9c:	84aa                	mv	s1,a0
    uint16_t tgt = target_lx();
    if (dur_ms == 0 || tgt == g_dispLx) { output_immediate(); return; }
     b9e:	c0e18413          	addi	s0,gp,-1010 # 2000000a <g_dispLx>
    uint16_t tgt = target_lx();
     ba2:	3f61                	jal	b3a <target_lx>
    if (dur_ms == 0 || tgt == g_dispLx) { output_immediate(); return; }
     ba4:	00045703          	lhu	a4,0(s0)
     ba8:	c1218793          	addi	a5,gp,-1006 # 2000000e <g_fadeDurMs>
     bac:	00a71c63          	bne	a4,a0,bc4 <output_begin_fade+0x30>
    g_fadeDurMs = 0;
     bb0:	00079023          	sh	zero,0(a5) # 40011000 <_eusrstack+0x20010800>
    g_dispLx = target_lx();
     bb4:	3759                	jal	b3a <target_lx>
     bb6:	00a41023          	sh	a0,0(s0)
    g_fadeFrom  = g_dispLx;
    g_fadeTo    = tgt;
    g_fadeDurMs = dur_ms;
    g_fadeStart = SysTick->CNT;
    output_refresh();
}
     bba:	4412                	lw	s0,4(sp)
     bbc:	40a2                	lw	ra,8(sp)
     bbe:	4482                	lw	s1,0(sp)
     bc0:	0131                	addi	sp,sp,12
    output_refresh();
     bc2:	bf79                	j	b60 <output_refresh>
    g_fadeFrom  = g_dispLx;
     bc4:	c0e19a23          	sh	a4,-1004(gp) # 20000010 <g_fadeFrom>
    g_fadeDurMs = dur_ms;
     bc8:	00979023          	sh	s1,0(a5)
    g_fadeStart = SysTick->CNT;
     bcc:	e000f7b7          	lui	a5,0xe000f
    g_fadeTo    = tgt;
     bd0:	c0a19e23          	sh	a0,-996(gp) # 20000018 <g_fadeTo>
    g_fadeStart = SysTick->CNT;
     bd4:	4798                	lw	a4,8(a5)
     bd6:	c0e1ac23          	sw	a4,-1000(gp) # 20000014 <g_fadeStart>
     bda:	b7c5                	j	bba <output_begin_fade+0x26>

00000bdc <handle_reset>:
	asm volatile( "\n\
     bdc:	20000197          	auipc	gp,0x20000
     be0:	82018193          	addi	gp,gp,-2016 # 200003fc <__global_pointer$>
     be4:	20000117          	auipc	sp,0x20000
     be8:	c1c10113          	addi	sp,sp,-996 # 20000800 <_eusrstack>
     bec:	6509                	lui	a0,0x2
     bee:	88050513          	addi	a0,a0,-1920 # 1880 <ch32fun.c.5d869e75+0x4>
     bf2:	30051073          	csrw	mstatus,a0
     bf6:	fffff697          	auipc	a3,0xfffff
     bfa:	40a68693          	addi	a3,a3,1034 # 0 <InterruptVector>
     bfe:	0036e693          	ori	a3,a3,3
     c02:	30569073          	csrw	mtvec,a3
asm volatile(
     c06:	c0c18513          	addi	a0,gp,-1012 # 20000008 <g_curDuty>
     c0a:	c4c18593          	addi	a1,gp,-948 # 20000048 <_ebss>
     c0e:	4601                	li	a2,0
     c10:	00b55663          	bge	a0,a1,c1c <handle_reset+0x40>
     c14:	c110                	sw	a2,0(a0)
     c16:	0511                	addi	a0,a0,4
     c18:	feb54ee3          	blt	a0,a1,c14 <handle_reset+0x38>
     c1c:	00001517          	auipc	a0,0x1
     c20:	3e450513          	addi	a0,a0,996 # 2000 <_data_lma>
     c24:	c0418593          	addi	a1,gp,-1020 # 20000000 <g_level>
     c28:	c0c18613          	addi	a2,gp,-1012 # 20000008 <g_curDuty>
     c2c:	00c58863          	beq	a1,a2,c3c <handle_reset+0x60>
     c30:	4114                	lw	a3,0(a0)
     c32:	c194                	sw	a3,0(a1)
     c34:	0511                	addi	a0,a0,4
     c36:	0591                	addi	a1,a1,4
     c38:	fec59ae3          	bne	a1,a2,c2c <handle_reset+0x50>
	SysTick->CTLR = 5;
     c3c:	e000f7b7          	lui	a5,0xe000f
     c40:	4715                	li	a4,5
     c42:	c398                	sw	a4,0(a5)
asm volatile(
     c44:	6785                	lui	a5,0x1
     c46:	d0278793          	addi	a5,a5,-766 # d02 <main>
     c4a:	34179073          	csrw	mepc,a5
     c4e:	30200073          	mret

00000c52 <ADC1_2_IRQHandler>:

// Return the Machine Exception Program Register (MEPC)
static inline uint32_t __get_MEPC(void)
{
	uint32_t result;
	__ASM volatile( ADD_ARCH_ZICSR "csrr %0," "mepc" : "=r"(result));
     c52:	34102573          	csrr	a0,mepc
	PrintHex( __get_MEPC() ); // "addr2line -e debugprintfdemo.elf 0x000007e6" ---> debugprintfdemo.c:45
     c56:	cf1ff0ef          	jal	ra,946 <PrintHex>
	__ASM volatile( ADD_ARCH_ZICSR "csrr %0, mstatus": "=r"(result) );
     c5a:	30002573          	csrr	a0,mstatus
	PrintHex( __get_MSTATUS() );
     c5e:	ce9ff0ef          	jal	ra,946 <PrintHex>

// Return the Machine Trap Value Register (MTVAL)
static inline uint32_t __get_MTVAL(void)
{
	uint32_t result;
	__ASM volatile( ADD_ARCH_ZICSR "csrr %0," "mtval" : "=r" (result) );
     c62:	34302573          	csrr	a0,mtval
	PrintHex( __get_MTVAL() );
     c66:	ce1ff0ef          	jal	ra,946 <PrintHex>
	__ASM volatile( ADD_ARCH_ZICSR "csrr %0," "mcause": "=r"(result));
     c6a:	34202573          	csrr	a0,mcause
	PrintHex( __get_MCAUSE() );
     c6e:	cd9ff0ef          	jal	ra,946 <PrintHex>
	while( (*DMDATA0) & 0x80 );
     c72:	e0000737          	lui	a4,0xe0000
     c76:	0f472783          	lw	a5,244(a4) # e00000f4 <_eusrstack+0xbffff8f4>
     c7a:	0f470693          	addi	a3,a4,244
     c7e:	0807f793          	andi	a5,a5,128
     c82:	fbf5                	bnez	a5,c76 <ADC1_2_IRQHandler+0x24>
	*DMDATA0 = 0x0a85;
     c84:	6785                	lui	a5,0x1
     c86:	a8578793          	addi	a5,a5,-1403 # a85 <ws_send_rgbw+0x25>
     c8a:	c29c                	sw	a5,0(a3)
	while( (*DMDATA0) & 0x80 );
     c8c:	e0000737          	lui	a4,0xe0000
     c90:	0f472783          	lw	a5,244(a4) # e00000f4 <_eusrstack+0xbffff8f4>
     c94:	0f470693          	addi	a3,a4,244
     c98:	0807f793          	andi	a5,a5,128
     c9c:	fbf5                	bnez	a5,c90 <ADC1_2_IRQHandler+0x3e>
	*DMDATA0 = 0xaaaaaa83;
     c9e:	aaaab7b7          	lui	a5,0xaaaab
     ca2:	a8378793          	addi	a5,a5,-1405 # aaaaaa83 <_eusrstack+0x8aaaa283>
     ca6:	c29c                	sw	a5,0(a3)
	asm volatile( "1: j 1b" );
     ca8:	a001                	j	ca8 <ADC1_2_IRQHandler+0x56>

00000caa <SystemInit>:
//#define BASE_CTLR	(((FUNCONF_HSITRIM) << 3) | HSEBYP | RCC_CSS)	// disable HSI in HSE modes

	// Flash latency settings.
#if defined(CH32V003)
	#if FUNCONF_SYSTEM_CORE_CLOCK > 25000000
		FLASH->ACTLR = FLASH_ACTLR_LATENCY_1;               // +1 Cycle Latency
     caa:	400227b7          	lui	a5,0x40022
     cae:	4705                	li	a4,1
     cb0:	c398                	sw	a4,0(a5)
#elif defined(FUNCONF_USE_HSI) && FUNCONF_USE_HSI
	#if defined(CH32V30x) || defined(CH32V20x) || defined(CH32L103) || defined(CH32V10x)
		EXTEN->EXTEN_CTR |= EXTEN_PLL_HSI_PRE;
	#endif
	#if defined(FUNCONF_USE_PLL) && FUNCONF_USE_PLL
		RCC->CFGR0 = BASE_CFGR0;
     cb2:	400217b7          	lui	a5,0x40021
		RCC->CTLR  = BASE_CTLR | RCC_HSION | RCC_PLLON; 			// Use HSI, enable PLL.
     cb6:	01000737          	lui	a4,0x1000
		RCC->CFGR0 = BASE_CFGR0;
     cba:	0007a223          	sw	zero,4(a5) # 40021004 <_eusrstack+0x20020804>
		RCC->CTLR  = BASE_CTLR | RCC_HSION | RCC_PLLON; 			// Use HSI, enable PLL.
     cbe:	08170713          	addi	a4,a4,129 # 1000081 <lightbox.c.420568a4+0xffd39a>
     cc2:	c398                	sw	a4,0(a5)
		FLASH->ACTLR = FLASH_ACTLR_LATENCY_0;
	#endif
#endif

#ifndef CH5xx
	RCC->INTR  = 0x009F0000;                               // Clear PLL, CSSC, HSE, HSI and LSI ready flags.
     cc4:	009f0737          	lui	a4,0x9f0
     cc8:	c798                	sw	a4,8(a5)
#endif

#if defined(FUNCONF_USE_PLL) && FUNCONF_USE_PLL && !defined(CH5xx)
	while((RCC->CTLR & RCC_PLLRDY) == 0) {};                       	// Wait till PLL is ready
     cca:	020006b7          	lui	a3,0x2000
     cce:	40021737          	lui	a4,0x40021
     cd2:	431c                	lw	a5,0(a4)
     cd4:	8ff5                	and	a5,a5,a3
     cd6:	dff5                	beqz	a5,cd2 <SystemInit+0x28>
	#if defined(CH32H41x)
		RCC->PLLCFGR |= RCC_SYSPLL_GATE;
	#endif
	uint32_t tmp32 = RCC->CFGR0 & ~(0x03);							// clr the SW
     cd8:	435c                	lw	a5,4(a4)
	RCC->CFGR0 = tmp32 | RCC_SW_PLL;                       			// Select PLL as system clock source
	while ((RCC->CFGR0 & (uint32_t)RCC_SWS) != (uint32_t)0x08); 	// Wait till PLL is used as system clock source
     cda:	400216b7          	lui	a3,0x40021
	uint32_t tmp32 = RCC->CFGR0 & ~(0x03);							// clr the SW
     cde:	9bf1                	andi	a5,a5,-4
	RCC->CFGR0 = tmp32 | RCC_SW_PLL;                       			// Select PLL as system clock source
     ce0:	0027e793          	ori	a5,a5,2
     ce4:	c35c                	sw	a5,4(a4)
	while ((RCC->CFGR0 & (uint32_t)RCC_SWS) != (uint32_t)0x08); 	// Wait till PLL is used as system clock source
     ce6:	4721                	li	a4,8
     ce8:	42dc                	lw	a5,4(a3)
     cea:	8bb1                	andi	a5,a5,12
     cec:	fee79ee3          	bne	a5,a4,ce8 <SystemInit+0x3e>
	*DMDATA1 = 0x00;
     cf0:	e00007b7          	lui	a5,0xe0000
     cf4:	0e07ac23          	sw	zero,248(a5) # e00000f8 <_eusrstack+0xbffff8f8>
	*DMDATA0 = 0x80;
     cf8:	08000713          	li	a4,128
     cfc:	0ee7aa23          	sw	a4,244(a5)
	SetupDebugPrintf();
#endif
#if defined(FUNCONF_SUPPORT_CONSTRUCTORS) && FUNCONF_SUPPORT_CONSTRUCTORS
	CallConstructors();
#endif
}
     d00:	8082                	ret

00000d02 <main>:
    temp_warn_led(g_thermCut);
}
#endif

int main(void)
{
     d02:	fb410113          	addi	sp,sp,-76
     d06:	c486                	sw	ra,72(sp)
     d08:	c2a2                	sw	s0,68(sp)
     d0a:	c0a6                	sw	s1,64(sp)
    SystemInit();
     d0c:	3f79                	jal	caa <SystemInit>
    funGpioInitAll();
     d0e:	40021737          	lui	a4,0x40021
     d12:	4f1c                	lw	a5,24(a4)
    funPinMode(ENC_A,  GPIO_CFGLR_IN_PUPD); funDigitalWrite(ENC_A,  FUN_HIGH);
     d14:	400116b7          	lui	a3,0x40011
     d18:	4609                	li	a2,2
    funGpioInitAll();
     d1a:	0357e793          	ori	a5,a5,53
     d1e:	cf1c                	sw	a5,24(a4)
    funPinMode(ENC_A,  GPIO_CFGLR_IN_PUPD); funDigitalWrite(ENC_A,  FUN_HIGH);
     d20:	80068793          	addi	a5,a3,-2048 # 40010800 <_eusrstack+0x20010000>
     d24:	4398                	lw	a4,0(a5)
     d26:	f0f77713          	andi	a4,a4,-241
     d2a:	08076713          	ori	a4,a4,128
     d2e:	c398                	sw	a4,0(a5)
     d30:	cb90                	sw	a2,16(a5)
    funPinMode(ENC_B,  GPIO_CFGLR_IN_PUPD); funDigitalWrite(ENC_B,  FUN_HIGH);
     d32:	4298                	lw	a4,0(a3)
     d34:	f0f77713          	andi	a4,a4,-241
     d38:	08076713          	ori	a4,a4,128
     d3c:	c298                	sw	a4,0(a3)
     d3e:	ca90                	sw	a2,16(a3)
    funPinMode(ENC_SW, GPIO_CFGLR_IN_PUPD); funDigitalWrite(ENC_SW, FUN_HIGH);
     d40:	4398                	lw	a4,0(a5)
     d42:	76fd                	lui	a3,0xfffff
     d44:	0ff68693          	addi	a3,a3,255 # fffff0ff <_eusrstack+0xdfffe8ff>
     d48:	8f75                	and	a4,a4,a3
     d4a:	6685                	lui	a3,0x1
     d4c:	80068693          	addi	a3,a3,-2048 # 800 <__udivdi3+0x400>
     d50:	8f55                	or	a4,a4,a3
     d52:	c398                	sw	a4,0(a5)
     d54:	4711                	li	a4,4
     d56:	cb98                	sw	a4,16(a5)
#define STORE_LEVEL(v)         ((uint8_t)((v) & 0x7Fu))

/* 現在の状態(パック値)をロード。空(初回)なら 0(=OFF/level0)。 */
static uint16_t store_load(void)
{
    const volatile uint16_t *c = STORE_MEM;
     d58:	6789                	lui	a5,0x2
     d5a:	80078793          	addi	a5,a5,-2048 # 1800 <g_store>
     d5e:	07be                	slli	a5,a5,0xf
     d60:	08000737          	lui	a4,0x8000
     d64:	83bd                	srli	a5,a5,0xf
     d66:	8fd9                	or	a5,a5,a4
     d68:	c63e                	sw	a5,12(sp)
    uint32_t i = store_first_empty();
     d6a:	cc3ff0ef          	jal	ra,a2c <store_first_empty>
    if (i == 0) return 0;                       /* 全部空 = 初回起動 → OFF/0 */
     d6e:	4781                	li	a5,0
     d70:	c909                	beqz	a0,d82 <main+0x80>
    return c[i - 1];                             /* 最後に書いた値(呼び側で分解/クランプ) */
     d72:	47b2                	lw	a5,12(sp)
     d74:	0506                	slli	a0,a0,0x1
     d76:	1579                	addi	a0,a0,-2
     d78:	953e                	add	a0,a0,a5
     d7a:	00055783          	lhu	a5,0(a0)
     d7e:	07c2                	slli	a5,a5,0x10
     d80:	83c1                	srli	a5,a5,0x10
    encoder_init();        /* funGpioInitAll を含む → 先に */
#if STORE_ENABLE
    {                                  /* 前回の ON/OFF + 明るさを復元(空=初回なら OFF/0) */
        uint16_t st = store_load();
        g_level = STORE_LEVEL(st);
     d82:	c0418613          	addi	a2,gp,-1020 # 20000000 <g_level>
     d86:	07f7f693          	andi	a3,a5,127
        if (g_level > LEVELS) g_level = LEVELS;   /* 破損ガード */
     d8a:	04000713          	li	a4,64
     d8e:	c032                	sw	a2,0(sp)
     d90:	34d76963          	bltu	a4,a3,10e2 <main+0x3e0>
        g_level = STORE_LEVEL(st);
     d94:	00d60023          	sb	a3,0(a2) # 100000 <lightbox.c.420568a4+0xfd319>
        g_on = STORE_ON(st);
     d98:	83bd                	srli	a5,a5,0xf
     d9a:	c0f182a3          	sb	a5,-1019(gp) # 20000001 <g_on>
    RCC->APB2PCENR |= RCC_APB2Periph_GPIOC | RCC_APB2Periph_AFIO;
     d9e:	400217b7          	lui	a5,0x40021
     da2:	4f98                	lw	a4,24(a5)
    GPIOC->CFGLR &= ~(0xf << (4 * 2));
     da4:	767d                	lui	a2,0xfffff
     da6:	0ff60613          	addi	a2,a2,255 # fffff0ff <_eusrstack+0xdfffe8ff>
    RCC->APB2PCENR |= RCC_APB2Periph_GPIOC | RCC_APB2Periph_AFIO;
     daa:	01176713          	ori	a4,a4,17
     dae:	cf98                	sw	a4,24(a5)
    RCC->APB1PCENR |= RCC_APB1Periph_TIM2;
     db0:	4fd8                	lw	a4,28(a5)
_Static_assert(WDT_TIMEOUT_MS >= 100u,
               "WDT_TIMEOUT_MS は 100ms 以上に(フラッシュ書込等の最悪ブロックより長く)");

static inline void wdt_feed(void)
{
    IWDG->CTLR = 0xAAAA;              /* リロード */
     db2:	64ad                	lui	s1,0xb
     db4:	aaa48493          	addi	s1,s1,-1366 # aaaa <lightbox.c.420568a4+0x7dc3>
     db8:	00176713          	ori	a4,a4,1
     dbc:	cfd8                	sw	a4,28(a5)
    AFIO->PCFR1 &= ~AFIO_PCFR1_TIM2_REMAP;
     dbe:	40010737          	lui	a4,0x40010
     dc2:	4354                	lw	a3,4(a4)
     dc4:	cff6f693          	andi	a3,a3,-769
     dc8:	c354                	sw	a3,4(a4)
    AFIO->PCFR1 |=  AFIO_PCFR1_TIM2_REMAP_PARTIALREMAP1;
     dca:	4354                	lw	a3,4(a4)
     dcc:	1006e693          	ori	a3,a3,256
     dd0:	c354                	sw	a3,4(a4)
    GPIOC->CFGLR &= ~(0xf << (4 * 2));
     dd2:	400116b7          	lui	a3,0x40011
     dd6:	4298                	lw	a4,0(a3)
     dd8:	8f71                	and	a4,a4,a2
     dda:	c298                	sw	a4,0(a3)
    GPIOC->CFGLR |=  (PWM_GPIO_SPEED | GPIO_CNF_OUT_PP_AF) << (4 * 2);
     ddc:	4290                	lw	a2,0(a3)
     dde:	6705                	lui	a4,0x1
     de0:	a0070593          	addi	a1,a4,-1536 # a00 <cie_scale+0x4c>
     de4:	8e4d                	or	a2,a2,a1
     de6:	c290                	sw	a2,0(a3)
    RCC->APB1PRSTR |=  RCC_APB1Periph_TIM2;
     de8:	4b94                	lw	a3,16(a5)
    TIM2->ATRLR   = PWM_TOP;                              /* 16bit カウンタ (最大65535) */
     dea:	177d                	addi	a4,a4,-1
    RCC->APB1PRSTR |=  RCC_APB1Periph_TIM2;
     dec:	0016e693          	ori	a3,a3,1
     df0:	cb94                	sw	a3,16(a5)
    RCC->APB1PRSTR &= ~RCC_APB1Periph_TIM2;
     df2:	4b94                	lw	a3,16(a5)
     df4:	9af9                	andi	a3,a3,-2
     df6:	cb94                	sw	a3,16(a5)
    TIM2->PSC     = PWM_PSC;
     df8:	400007b7          	lui	a5,0x40000
     dfc:	02079423          	sh	zero,40(a5) # 40000028 <_eusrstack+0x1ffff828>
    TIM2->ATRLR   = PWM_TOP;                              /* 16bit カウンタ (最大65535) */
     e00:	02e79623          	sh	a4,44(a5)
    TIM2->CHCTLR1 |= TIM_OC2M_2 | TIM_OC2M_1 | TIM_OC2PE; /* CH2=PWM mode1 + preload */
     e04:	0187d703          	lhu	a4,24(a5)
     e08:	669d                	lui	a3,0x7
     e0a:	80068693          	addi	a3,a3,-2048 # 6800 <lightbox.c.420568a4+0x3b19>
     e0e:	0742                	slli	a4,a4,0x10
     e10:	8341                	srli	a4,a4,0x10
     e12:	8f55                	or	a4,a4,a3
     e14:	0742                	slli	a4,a4,0x10
     e16:	8341                	srli	a4,a4,0x10
     e18:	00e79c23          	sh	a4,24(a5)
    TIM2->CCER    |= TIM_CC2E;                            /* CH2 出力有効 (正論理) */
     e1c:	0207d703          	lhu	a4,32(a5)
     e20:	0742                	slli	a4,a4,0x10
     e22:	8341                	srli	a4,a4,0x10
     e24:	01076713          	ori	a4,a4,16
     e28:	02e79023          	sh	a4,32(a5)
    TIM2->CTLR1   |= TIM_ARPE;
     e2c:	0007d703          	lhu	a4,0(a5)
     e30:	0742                	slli	a4,a4,0x10
     e32:	8341                	srli	a4,a4,0x10
     e34:	08076713          	ori	a4,a4,128
     e38:	00e79023          	sh	a4,0(a5)
    TIM2->SWEVGR   = TIM_UG;                              /* シャドウ即反映(ARR/CVR ロード) */
     e3c:	4705                	li	a4,1
     e3e:	00e79a23          	sh	a4,20(a5)
    TIM2->CTLR1   |= TIM_CEN;
     e42:	0007d703          	lhu	a4,0(a5)
     e46:	0742                	slli	a4,a4,0x10
     e48:	8341                	srli	a4,a4,0x10
     e4a:	00176713          	ori	a4,a4,1
     e4e:	00e79023          	sh	a4,0(a5)
    output_refresh();          /* 起動直後は g_dispLx=0(消灯) */
     e52:	d0fff0ef          	jal	ra,b60 <output_refresh>

static void nightlight_init(void)
{
    ws_off();                            /* 起動時に消灯 */
     e56:	cdbff0ef          	jal	ra,b30 <ws_off>
}

static void wdt_init(void)
{
    IWDG->CTLR = 0x5555;             /* レジスタ書込許可 */
     e5a:	6695                	lui	a3,0x5
    g_nlActive = 0; g_nlPhaseOff = 0;
     e5c:	c0018f23          	sb	zero,-994(gp) # 2000001a <g_nlActive>
     e60:	c2018223          	sb	zero,-988(gp) # 20000020 <g_nlPhaseOff>
     e64:	400037b7          	lui	a5,0x40003
     e68:	55568693          	addi	a3,a3,1365 # 5555 <lightbox.c.420568a4+0x286e>
     e6c:	c394                	sw	a3,0(a5)
    IWDG->PSCR = WDT_PRESCALER;
     e6e:	4619                	li	a2,6
     e70:	c3d0                	sw	a2,4(a5)
    IWDG->CTLR = 0x5555;
     e72:	c394                	sw	a3,0(a5)
    IWDG->RLDR = WDT_RELOAD & 0x0FFFu;
     e74:	3e800693          	li	a3,1000
     e78:	c794                	sw	a3,8(a5)
    wdt_feed();
    IWDG->CTLR = 0xCCCC;             /* 起動(以後停止不可) */
     e7a:	66b5                	lui	a3,0xd
    IWDG->CTLR = 0xAAAA;              /* リロード */
     e7c:	c384                	sw	s1,0(a5)
    IWDG->CTLR = 0xCCCC;             /* 起動(以後停止不可) */
     e7e:	ccc68693          	addi	a3,a3,-820 # cccc <lightbox.c.420568a4+0x9fe5>
     e82:	c394                	sw	a3,0(a5)
}

/* 起動セルフテスト用: 常夜灯LEDを WS_MAX_COLOR で点灯(配線/タイミング切り分け) */
static inline void nightlight_test_on(void)
{
    ws_send_rgbw((uint8_t)WS_MAX_R, (uint8_t)WS_MAX_G, (uint8_t)WS_MAX_B, (uint8_t)WS_MAX_W);
     e84:	4621                	li	a2,8
     e86:	46c1                	li	a3,16
     e88:	03000593          	li	a1,48
     e8c:	04000513          	li	a0,64
     e90:	bd1ff0ef          	jal	ra,a60 <ws_send_rgbw>

#if NIGHTLIGHT_ENABLE && (NIGHTLIGHT_BOOT_TEST_MS > 0)
    /* 起動セルフテスト: 常夜灯LEDを一定時間点灯して配線/タイミングを切り分け */
    nightlight_test_on();
    {
        uint32_t t0 = SysTick->CNT;
     e94:	e000f7b7          	lui	a5,0xe000f
     e98:	4794                	lw	a3,8(a5)
        while ((uint32_t)(SysTick->CNT - t0) < Ticks_from_Ms(NIGHTLIGHT_BOOT_TEST_MS)) {
     e9a:	c0518793          	addi	a5,gp,-1019 # 20000001 <g_on>
     e9e:	c43e                	sw	a5,8(sp)
     ea0:	c1e18793          	addi	a5,gp,-994 # 2000001a <g_nlActive>
     ea4:	d23e                	sw	a5,36(sp)
     ea6:	c2418793          	addi	a5,gp,-988 # 20000020 <g_nlPhaseOff>
     eaa:	c83e                	sw	a5,16(sp)
     eac:	044aa7b7          	lui	a5,0x44aa
     eb0:	e000f437          	lui	s0,0xe000f
     eb4:	1ff78793          	addi	a5,a5,511 # 44aa1ff <lightbox.c.420568a4+0x44a7518>
    IWDG->CTLR = 0xAAAA;              /* リロード */
     eb8:	40003637          	lui	a2,0x40003
     ebc:	4418                	lw	a4,8(s0)
     ebe:	8f15                	sub	a4,a4,a3
     ec0:	22e7f563          	bgeu	a5,a4,10ea <main+0x3e8>
        }
    }
#endif

    /* 起動(電源投入): 復元輝度へソフトスタート・フェードイン */
    output_begin_fade(SOFT_START_ON);
     ec4:	32000513          	li	a0,800
     ec8:	ccdff0ef          	jal	ra,b94 <output_begin_fade>
        g_level, LEVELS, (unsigned)PWM_TOP,
        ENC_REVERSE, ENC_HALF_STEP, ENC_REVERSAL_LOCK_MS, SNAP_CLICKS, SNAP_WINDOW_MS);

    /* 方向反転ロックアウト用 */
    int8_t   lastDir      = 0;              /* 直前に"確定"した方向 (+1/-1) */
    uint32_t lastStepTick = SysTick->CNT;
     ecc:	441c                	lw	a5,8(s0)
    uint8_t  swCand     = 1;                /* 候補(生読み)状態 */
    uint32_t swCandTick = SysTick->CNT;     /* 候補が変わった時刻 */

#if STORE_ENABLE
    /* 不揮発ストア: 状態(ON/OFF+level)が STORE_COMMIT_MS 変化しなくなったら1回だけ書込 */
    uint16_t savedState = STORE_PACK(g_on, g_level);  /* 既にフラッシュにある状態 */
     ece:	4702                	lw	a4,0(sp)
    uint8_t  dirty      = 0;                /* 未保存の変更あり */
     ed0:	4481                	li	s1,0
    uint32_t lastStepTick = SysTick->CNT;
     ed2:	cc3e                	sw	a5,24(sp)
    uint32_t swCandTick = SysTick->CNT;     /* 候補が変わった時刻 */
     ed4:	441c                	lw	a5,8(s0)
    uint16_t savedState = STORE_PACK(g_on, g_level);  /* 既にフラッシュにある状態 */
     ed6:	00074703          	lbu	a4,0(a4)
    uint32_t dirtyTick  = 0;                /* 最後に変更した時刻 */
     eda:	c202                	sw	zero,4(sp)
    uint32_t swCandTick = SysTick->CNT;     /* 候補が変わった時刻 */
     edc:	d63e                	sw	a5,44(sp)
    uint16_t savedState = STORE_PACK(g_on, g_level);  /* 既にフラッシュにある状態 */
     ede:	47a2                	lw	a5,8(sp)
     ee0:	07f77713          	andi	a4,a4,127
    int8_t   lastDir      = 0;              /* 直前に"確定"した方向 (+1/-1) */
     ee4:	ca02                	sw	zero,20(sp)
    uint16_t savedState = STORE_PACK(g_on, g_level);  /* 既にフラッシュにある状態 */
     ee6:	0007c783          	lbu	a5,0(a5)
     eea:	00f037b3          	snez	a5,a5
     eee:	07be                	slli	a5,a5,0xf
     ef0:	8fd9                	or	a5,a5,a4
     ef2:	d83e                	sw	a5,48(sp)
    uint8_t  swCand     = 1;                /* 候補(生読み)状態 */
     ef4:	4785                	li	a5,1
     ef6:	ce3e                	sw	a5,28(sp)
    uint8_t  swStable   = 1;                /* 確定状態 (1=放し, 0=押下) */
     ef8:	d43e                	sw	a5,40(sp)
     efa:	67ad                	lui	a5,0xb
     efc:	aaa78793          	addi	a5,a5,-1366 # aaaa <lightbox.c.420568a4+0x7dc3>
     f00:	da3e                	sw	a5,52(sp)
     f02:	5752                	lw	a4,52(sp)
     f04:	400037b7          	lui	a5,0x40003
     f08:	c398                	sw	a4,0(a5)
    if (!g_fadeDurMs) return;
     f0a:	c121d403          	lhu	s0,-1006(gp) # 2000000e <g_fadeDurMs>
     f0e:	c1218793          	addi	a5,gp,-1006 # 2000000e <g_fadeDurMs>
     f12:	d03e                	sw	a5,32(sp)
     f14:	cc15                	beqz	s0,f50 <main+0x24e>
    uint32_t el_ms = (uint32_t)(SysTick->CNT - g_fadeStart) / Ticks_from_Ms(1);
     f16:	e000f7b7          	lui	a5,0xe000f
     f1a:	4788                	lw	a0,8(a5)
     f1c:	c181a783          	lw	a5,-1000(gp) # 20000014 <g_fadeStart>
     f20:	65b1                	lui	a1,0xc
     f22:	b8058593          	addi	a1,a1,-1152 # bb80 <lightbox.c.420568a4+0x8e99>
     f26:	8d1d                	sub	a0,a0,a5
     f28:	9a9ff0ef          	jal	ra,8d0 <__hidden___udivsi3>
     f2c:	85aa                	mv	a1,a0
    if (el_ms >= g_fadeDurMs) { nl = g_fadeTo; g_fadeDurMs = 0; }  /* 完了 */
     f2e:	c1c1d503          	lhu	a0,-996(gp) # 20000018 <g_fadeTo>
     f32:	1a85ee63          	bltu	a1,s0,10ee <main+0x3ec>
     f36:	5782                	lw	a5,32(sp)
     f38:	00079023          	sh	zero,0(a5) # e000f000 <_eusrstack+0xc000e800>
    if (nl != g_dispLx) { g_dispLx = nl; output_refresh(); }
     f3c:	c0e18793          	addi	a5,gp,-1010 # 2000000a <g_dispLx>
     f40:	0007d683          	lhu	a3,0(a5)
     f44:	00a68663          	beq	a3,a0,f50 <main+0x24e>
     f48:	00a79023          	sh	a0,0(a5)
     f4c:	c15ff0ef          	jal	ra,b60 <output_refresh>
    uint8_t ab = (uint8_t)((funDigitalRead(ENC_A) << 1) | funDigitalRead(ENC_B));
     f50:	400117b7          	lui	a5,0x40011
     f54:	80078713          	addi	a4,a5,-2048 # 40010800 <_eusrstack+0x20010000>
     f58:	4718                	lw	a4,8(a4)
    g_encState = ENC_TT[g_encState & 0x0f][ab];
     f5a:	c1018613          	addi	a2,gp,-1008 # 2000000c <g_encState>
    uint8_t ab = (uint8_t)((funDigitalRead(ENC_A) << 1) | funDigitalRead(ENC_B));
     f5e:	4794                	lw	a3,8(a5)
    g_encState = ENC_TT[g_encState & 0x0f][ab];
     f60:	00064783          	lbu	a5,0(a2) # 40003000 <_eusrstack+0x20002800>
    uint8_t ab = (uint8_t)((funDigitalRead(ENC_A) << 1) | funDigitalRead(ENC_B));
     f64:	8b09                	andi	a4,a4,2
     f66:	8285                	srli	a3,a3,0x1
    g_encState = ENC_TT[g_encState & 0x0f][ab];
     f68:	8bbd                	andi	a5,a5,15
    uint8_t ab = (uint8_t)((funDigitalRead(ENC_A) << 1) | funDigitalRead(ENC_B));
     f6a:	8a85                	andi	a3,a3,1
    g_encState = ENC_TT[g_encState & 0x0f][ab];
     f6c:	8f55                	or	a4,a4,a3
     f6e:	00279693          	slli	a3,a5,0x2
     f72:	6785                	lui	a5,0x1
     f74:	4d478793          	addi	a5,a5,1236 # 14d4 <ENC_TT>
     f78:	97b6                	add	a5,a5,a3
     f7a:	97ba                	add	a5,a5,a4
     f7c:	0007c783          	lbu	a5,0(a5)
     f80:	00f60023          	sb	a5,0(a2)
    if (g_encState & DIR_CW)  return +1;
     f84:	0107f713          	andi	a4,a5,16
     f88:	18071263          	bnez	a4,110c <main+0x40a>
    if (g_encState & DIR_CCW) return -1;
     f8c:	0207f793          	andi	a5,a5,32
     f90:	547d                	li	s0,-1
     f92:	16079e63          	bnez	a5,110e <main+0x40c>
#endif
            }
        }

        /* --- 押しSW: 時間ベース積分デバウンス (安定 SW_DEBOUNCE_MS で確定) --- */
        uint8_t swRaw = funDigitalRead(ENC_SW);        /* 押下=Low(0) */
     f96:	400117b7          	lui	a5,0x40011
     f9a:	80078793          	addi	a5,a5,-2048 # 40010800 <_eusrstack+0x20010000>
     f9e:	479c                	lw	a5,8(a5)
        uint32_t nowSw = SysTick->CNT;
        if (swRaw != swCand) {                          /* 生読みが動いた→候補更新+計時 */
     fa0:	4772                	lw	a4,28(sp)
        uint8_t swRaw = funDigitalRead(ENC_SW);        /* 押下=Low(0) */
     fa2:	8389                	srli	a5,a5,0x2
     fa4:	8b85                	andi	a5,a5,1
     fa6:	d03e                	sw	a5,32(sp)
        if (swRaw != swCand) {                          /* 生読みが動いた→候補更新+計時 */
     fa8:	5682                	lw	a3,32(sp)
        uint32_t nowSw = SysTick->CNT;
     faa:	e000f7b7          	lui	a5,0xe000f
     fae:	479c                	lw	a5,8(a5)
        if (swRaw != swCand) {                          /* 生読みが動いた→候補更新+計時 */
     fb0:	2ad71b63          	bne	a4,a3,1266 <main+0x564>
            swCand = swRaw; swCandTick = nowSw;
        } else if (swCand != swStable &&
     fb4:	5722                	lw	a4,40(sp)
     fb6:	46f2                	lw	a3,28(sp)
     fb8:	2ad70863          	beq	a4,a3,1268 <main+0x566>
                   (uint32_t)(nowSw - swCandTick) >= Ticks_from_Ms(SW_DEBOUNCE_MS)) {
     fbc:	5732                	lw	a4,44(sp)
     fbe:	8f99                	sub	a5,a5,a4
        } else if (swCand != swStable &&
     fc0:	000ea737          	lui	a4,0xea
     fc4:	5ff70713          	addi	a4,a4,1535 # ea5ff <lightbox.c.420568a4+0xe7918>
     fc8:	2af77063          	bgeu	a4,a5,1268 <main+0x566>
            swStable = swCand;                          /* 安定継続→確定 */
            if (swStable == 0) {                        /* 確定した押下(立下り)でトグル */
     fcc:	2e069763          	bnez	a3,12ba <main+0x5b8>
                g_on = !g_on;
     fd0:	47a2                	lw	a5,8(sp)
     fd2:	46a2                	lw	a3,8(sp)
                output_begin_fade(g_on ? SOFT_START_ON : SOFT_START_OFF);  /* ソフトスタート */
     fd4:	32000513          	li	a0,800
                g_on = !g_on;
     fd8:	0007c783          	lbu	a5,0(a5) # e000f000 <_eusrstack+0xc000e800>
     fdc:	0017b713          	seqz	a4,a5
     fe0:	00e68023          	sb	a4,0(a3)
                output_begin_fade(g_on ? SOFT_START_ON : SOFT_START_OFF);  /* ソフトスタート */
     fe4:	c399                	beqz	a5,fea <main+0x2e8>
     fe6:	25800513          	li	a0,600
     fea:	babff0ef          	jal	ra,b94 <output_begin_fade>
                DBG("output %s\n", g_on ? "ON" : "OFF");
#if STORE_ENABLE
                dirty = 1; dirtyTick = SysTick->CNT;    /* ON/OFF も保存対象 → コミット予約 */
     fee:	e000f7b7          	lui	a5,0xe000f
     ff2:	479c                	lw	a5,8(a5)
     ff4:	d002                	sw	zero,32(sp)
            swStable = swCand;                          /* 安定継続→確定 */
     ff6:	d402                	sw	zero,40(sp)
                dirty = 1; dirtyTick = SysTick->CNT;    /* ON/OFF も保存対象 → コミット予約 */
     ff8:	c23e                	sw	a5,4(sp)
        }

#if STORE_ENABLE
        /* --- 不揮発コミット: 状態が STORE_COMMIT_MS 変化しなければ1回だけ書込 --- */
        if (dirty) {
            uint32_t nc = SysTick->CNT;
     ffa:	e000f7b7          	lui	a5,0xe000f
     ffe:	4798                	lw	a4,8(a5)
            if ((uint32_t)(nc - dirtyTick) >= Ticks_from_Ms(STORE_COMMIT_MS)) {
    1000:	4792                	lw	a5,4(sp)
    1002:	4485                	li	s1,1
    1004:	8f1d                	sub	a4,a4,a5
    1006:	0e4e27b7          	lui	a5,0xe4e2
    100a:	bff78793          	addi	a5,a5,-1025 # e4e1bff <lightbox.c.420568a4+0xe4def18>
    100e:	24e7ff63          	bgeu	a5,a4,126c <main+0x56a>
                uint16_t st = STORE_PACK(g_on, g_level);
    1012:	47a2                	lw	a5,8(sp)
                if (st != savedState) { store_save(st); savedState = st; }
                dirty = 0;
    1014:	4481                	li	s1,0
                uint16_t st = STORE_PACK(g_on, g_level);
    1016:	0007c403          	lbu	s0,0(a5)
    101a:	4782                	lw	a5,0(sp)
    101c:	00803433          	snez	s0,s0
    1020:	0007c783          	lbu	a5,0(a5)
    1024:	043e                	slli	s0,s0,0xf
    1026:	07f7f793          	andi	a5,a5,127
    102a:	8c5d                	or	s0,s0,a5
                if (st != savedState) { store_save(st); savedState = st; }
    102c:	57c2                	lw	a5,48(sp)
    102e:	22878f63          	beq	a5,s0,126c <main+0x56a>
}

/* 状態(パック値)を保存(追記)。満杯なら全セクタ消去してから先頭へ。 */
static void store_save(uint16_t state)
{
    uint32_t i = store_first_empty();
    1032:	9fbff0ef          	jal	ra,a2c <store_first_empty>
static inline void flash_unlock(void) { FLASH->KEYR = FLASH_KEY1; FLASH->KEYR = FLASH_KEY2; }
    1036:	456707b7          	lui	a5,0x45670
    103a:	40022737          	lui	a4,0x40022
    103e:	12378793          	addi	a5,a5,291 # 45670123 <_eusrstack+0x2566f923>
    1042:	c35c                	sw	a5,4(a4)
    1044:	cdef97b7          	lui	a5,0xcdef9
    1048:	9ab78793          	addi	a5,a5,-1621 # cdef89ab <_eusrstack+0xadef81ab>
    104c:	c35c                	sw	a5,4(a4)
    flash_unlock();
    if (i >= STORE_CELLS) {                      /* 満杯 → 循環: 全セクタ消去 */
    104e:	3ff00793          	li	a5,1023
    1052:	04a7fc63          	bgeu	a5,a0,10aa <main+0x3a8>
    1056:	47b2                	lw	a5,12(sp)
    1058:	6485                	lui	s1,0x1
    105a:	80048493          	addi	s1,s1,-2048 # 800 <__udivdi3+0x400>
    105e:	94be                	add	s1,s1,a5
    1060:	40078793          	addi	a5,a5,1024
    1064:	00f4b4b3          	sltu	s1,s1,a5
    1068:	0014c493          	xori	s1,s1,1
    106c:	00148713          	addi	a4,s1,1
        for (uint32_t a = STORE_BASE_ADDR; a < STORE_BASE_ADDR + STORE_SIZE_BYTES;
    1070:	44b2                	lw	s1,12(sp)
    1072:	ce3a                	sw	a4,28(sp)
    flash_wait();
    1074:	9adff0ef          	jal	ra,a20 <flash_wait>
    FLASH->CTLR |= FLASH_CTLR_PER;
    1078:	400227b7          	lui	a5,0x40022
    107c:	4b94                	lw	a3,16(a5)
    107e:	0026e693          	ori	a3,a3,2
    1082:	cb94                	sw	a3,16(a5)
    FLASH->ADDR  = addr;
    1084:	cbc4                	sw	s1,20(a5)
    FLASH->CTLR |= FLASH_CTLR_STRT;
    1086:	4b94                	lw	a3,16(a5)
             a += STORE_SECTOR_BYTES) {
    1088:	40048493          	addi	s1,s1,1024
    FLASH->CTLR |= FLASH_CTLR_STRT;
    108c:	0406e693          	ori	a3,a3,64
    1090:	cb94                	sw	a3,16(a5)
    flash_wait();
    1092:	98fff0ef          	jal	ra,a20 <flash_wait>
    FLASH->CTLR &= ~FLASH_CTLR_PER;
    1096:	400227b7          	lui	a5,0x40022
    109a:	4b94                	lw	a3,16(a5)
        for (uint32_t a = STORE_BASE_ADDR; a < STORE_BASE_ADDR + STORE_SIZE_BYTES;
    109c:	4772                	lw	a4,28(sp)
    FLASH->CTLR &= ~FLASH_CTLR_PER;
    109e:	9af5                	andi	a3,a3,-3
    10a0:	cb94                	sw	a3,16(a5)
        for (uint32_t a = STORE_BASE_ADDR; a < STORE_BASE_ADDR + STORE_SIZE_BYTES;
    10a2:	4785                	li	a5,1
    10a4:	20f71e63          	bne	a4,a5,12c0 <main+0x5be>
            flash_erase_1k(a);
        }
        i = 0;
    10a8:	4501                	li	a0,0
    }
    flash_prog_hw(STORE_BASE_ADDR + i * 2u, state);
    10aa:	47b2                	lw	a5,12(sp)
    10ac:	0506                	slli	a0,a0,0x1
    10ae:	00f504b3          	add	s1,a0,a5
    flash_wait();
    10b2:	96fff0ef          	jal	ra,a20 <flash_wait>
    FLASH->CTLR |= FLASH_CTLR_PG;
    10b6:	400227b7          	lui	a5,0x40022
    10ba:	4b98                	lw	a4,16(a5)
    10bc:	00176713          	ori	a4,a4,1
    10c0:	cb98                	sw	a4,16(a5)
    *(volatile uint16_t *)addr = data;
    10c2:	00849023          	sh	s0,0(s1)
    flash_wait();
    10c6:	95bff0ef          	jal	ra,a20 <flash_wait>
    FLASH->CTLR &= ~FLASH_CTLR_PG;
    10ca:	400227b7          	lui	a5,0x40022
    10ce:	4b98                	lw	a4,16(a5)
                dirty = 0;
    10d0:	4481                	li	s1,0
    10d2:	9b79                	andi	a4,a4,-2
    10d4:	cb98                	sw	a4,16(a5)
static inline void flash_lock(void)   { FLASH->CTLR |= FLASH_CTLR_LOCK; }
    10d6:	4b98                	lw	a4,16(a5)
    10d8:	08076713          	ori	a4,a4,128
    10dc:	cb98                	sw	a4,16(a5)
    10de:	d822                	sw	s0,48(sp)
    10e0:	a271                	j	126c <main+0x56a>
        if (g_level > LEVELS) g_level = LEVELS;   /* 破損ガード */
    10e2:	4682                	lw	a3,0(sp)
    10e4:	00e68023          	sb	a4,0(a3)
    10e8:	b945                	j	d98 <main+0x96>
    10ea:	c204                	sw	s1,0(a2)
    10ec:	bbc1                	j	ebc <main+0x1ba>
        int32_t span = (int32_t)g_fadeTo - (int32_t)g_fadeFrom;
    10ee:	c141d783          	lhu	a5,-1004(gp) # 20000010 <g_fadeFrom>
        nl = (uint16_t)((int32_t)g_fadeFrom + span * (int32_t)el_ms / (int32_t)g_fadeDurMs);
    10f2:	8d1d                	sub	a0,a0,a5
    10f4:	dc3e                	sw	a5,56(sp)
    10f6:	f62ff0ef          	jal	ra,858 <__mulsi3>
    10fa:	85a2                	mv	a1,s0
    10fc:	fccff0ef          	jal	ra,8c8 <__divsi3>
    1100:	57e2                	lw	a5,56(sp)
    1102:	97aa                	add	a5,a5,a0
    1104:	01079513          	slli	a0,a5,0x10
    1108:	8141                	srli	a0,a0,0x10
    110a:	bd0d                	j	f3c <main+0x23a>
    if (g_encState & DIR_CW)  return +1;
    110c:	4405                	li	s0,1
            if (dir == -lastDir &&
    110e:	47d2                	lw	a5,20(sp)
            uint32_t now = SysTick->CNT;
    1110:	e000f737          	lui	a4,0xe000f
    1114:	4710                	lw	a2,8(a4)
            if (dir == -lastDir &&
    1116:	40f00733          	neg	a4,a5
    111a:	00e41b63          	bne	s0,a4,1130 <main+0x42e>
                (uint32_t)(now - lastStepTick) < Ticks_from_Ms(ENC_REVERSAL_LOCK_MS)) {
    111e:	47e2                	lw	a5,24(sp)
            if (dir == -lastDir &&
    1120:	0003b737          	lui	a4,0x3b
    1124:	97f70713          	addi	a4,a4,-1665 # 3a97f <lightbox.c.420568a4+0x37c98>
                (uint32_t)(now - lastStepTick) < Ticks_from_Ms(ENC_REVERSAL_LOCK_MS)) {
    1128:	40f606b3          	sub	a3,a2,a5
            if (dir == -lastDir &&
    112c:	e6d775e3          	bgeu	a4,a3,f96 <main+0x294>
                if (dir == prevDir && sinceLast < Ticks_from_Ms(ENC_ACCEL_WINDOW_MS))
    1130:	47d2                	lw	a5,20(sp)
                uint8_t step = 1;
    1132:	4305                	li	t1,1
                if (dir == prevDir && sinceLast < Ticks_from_Ms(ENC_ACCEL_WINDOW_MS))
    1134:	00879c63          	bne	a5,s0,114c <main+0x44a>
                uint32_t sinceLast = (uint32_t)(now - lastStepTick); /* 前クリックからの間隔 */
    1138:	47e2                	lw	a5,24(sp)
                if (dir == prevDir && sinceLast < Ticks_from_Ms(ENC_ACCEL_WINDOW_MS))
    113a:	0024a737          	lui	a4,0x24a
    113e:	eff70713          	addi	a4,a4,-257 # 249eff <lightbox.c.420568a4+0x247218>
                uint32_t sinceLast = (uint32_t)(now - lastStepTick); /* 前クリックからの間隔 */
    1142:	40f606b3          	sub	a3,a2,a5
                if (dir == prevDir && sinceLast < Ticks_from_Ms(ENC_ACCEL_WINDOW_MS))
    1146:	00d76363          	bltu	a4,a3,114c <main+0x44a>
                    step = ENC_ACCEL_FACTOR;
    114a:	430d                	li	t1,3
    if (dir != g_snapDir) { g_snapDir = dir; g_snapCnt = 0; g_snapIdx = 0; }
    114c:	c3118693          	addi	a3,gp,-975 # 2000002d <g_snapDir>
    1150:	00068583          	lb	a1,0(a3)
    1154:	c3018713          	addi	a4,gp,-976 # 2000002c <g_snapCnt>
    1158:	c3218493          	addi	s1,gp,-974 # 2000002e <g_snapIdx>
    115c:	00858863          	beq	a1,s0,116c <main+0x46a>
    1160:	00868023          	sb	s0,0(a3)
    1164:	00070023          	sb	zero,0(a4)
    1168:	00048023          	sb	zero,0(s1)
    g_snapTick[g_snapIdx] = now;
    116c:	0004c503          	lbu	a0,0(s1)
    1170:	c3418693          	addi	a3,gp,-972 # 20000030 <g_snapTick>
    1174:	00251593          	slli	a1,a0,0x2
    1178:	96ae                	add	a3,a3,a1
    117a:	c290                	sw	a2,0(a3)
    uint8_t oldestIdx = (uint8_t)((g_snapIdx + 1u) % SNAP_CLICKS);
    117c:	4599                	li	a1,6
    117e:	0505                	addi	a0,a0,1
    1180:	ca1a                	sw	t1,20(sp)
    g_snapTick[g_snapIdx] = now;
    1182:	c232                	sw	a2,4(sp)
    uint8_t oldestIdx = (uint8_t)((g_snapIdx + 1u) % SNAP_CLICKS);
    1184:	f78ff0ef          	jal	ra,8fc <__umodsi3>
    if (g_snapCnt < SNAP_CLICKS) g_snapCnt++;
    1188:	c3018713          	addi	a4,gp,-976 # 2000002c <g_snapCnt>
    118c:	00074683          	lbu	a3,0(a4)
    uint8_t oldestIdx = (uint8_t)((g_snapIdx + 1u) % SNAP_CLICKS);
    1190:	00a48023          	sb	a0,0(s1)
    if (g_snapCnt < SNAP_CLICKS) g_snapCnt++;
    1194:	4595                	li	a1,5
    1196:	4612                	lw	a2,4(sp)
    1198:	4352                	lw	t1,20(sp)
    119a:	c3418293          	addi	t0,gp,-972 # 20000030 <g_snapTick>
    119e:	02d5fe63          	bgeu	a1,a3,11da <main+0x4d8>
        uint32_t span = now - g_snapTick[oldestIdx];   /* 直近 j 回の所要時間(符号なし=ラップ安全) */
    11a2:	050a                	slli	a0,a0,0x2
    11a4:	9516                	add	a0,a0,t0
    11a6:	410c                	lw	a1,0(a0)
        if (span <= Ticks_from_Ms(SNAP_WINDOW_MS)) {
    11a8:	016e36b7          	lui	a3,0x16e3
    11ac:	60068693          	addi	a3,a3,1536 # 16e3600 <lightbox.c.420568a4+0x16e0919>
        uint32_t span = now - g_snapTick[oldestIdx];   /* 直近 j 回の所要時間(符号なし=ラップ安全) */
    11b0:	40b605b3          	sub	a1,a2,a1
        if (span <= Ticks_from_Ms(SNAP_WINDOW_MS)) {
    11b4:	02b6eb63          	bltu	a3,a1,11ea <main+0x4e8>
            g_snapCnt = 0; g_snapIdx = 0;               /* 連続スナップ抑止 */
    11b8:	00070023          	sb	zero,0(a4)
    11bc:	00048023          	sb	zero,0(s1)
                    if (dir > 0) { g_level = LEVELS; g_on = 1; }  /* 全開 */
    11c0:	4705                	li	a4,1
    11c2:	04e41963          	bne	s0,a4,1214 <main+0x512>
    11c6:	4782                	lw	a5,0(sp)
    11c8:	04000713          	li	a4,64
    11cc:	00e78023          	sb	a4,0(a5) # 40022000 <_eusrstack+0x20021800>
                if (g_level > 0) g_on = 1;
    11d0:	47a2                	lw	a5,8(sp)
    11d2:	4705                	li	a4,1
    11d4:	00e78023          	sb	a4,0(a5)
    11d8:	a089                	j	121a <main+0x518>
    if (g_snapCnt < SNAP_CLICKS) g_snapCnt++;
    11da:	0685                	addi	a3,a3,1
    11dc:	0ff6f693          	andi	a3,a3,255
    11e0:	00d70023          	sb	a3,0(a4)
    if (g_snapCnt >= SNAP_CLICKS) {
    11e4:	4599                	li	a1,6
    11e6:	fab68ee3          	beq	a3,a1,11a2 <main+0x4a0>
                    if (dir > 0) g_level = (g_level + step > LEVELS) ? (uint8_t)LEVELS
    11ea:	4782                	lw	a5,0(sp)
    11ec:	4685                	li	a3,1
    11ee:	0007c703          	lbu	a4,0(a5)
    11f2:	04d41d63          	bne	s0,a3,124c <main+0x54a>
    11f6:	971a                	add	a4,a4,t1
    11f8:	04000693          	li	a3,64
    11fc:	00e6c463          	blt	a3,a4,1204 <main+0x502>
                    else         g_level = (g_level > step)         ? (uint8_t)(g_level - step) : 0u;
    1200:	0ff77693          	andi	a3,a4,255
    1204:	4782                	lw	a5,0(sp)
    1206:	00d78023          	sb	a3,0(a5)
                if (g_level > 0) g_on = 1;
    120a:	4782                	lw	a5,0(sp)
    120c:	0007c703          	lbu	a4,0(a5)
    1210:	c709                	beqz	a4,121a <main+0x518>
    1212:	bf7d                	j	11d0 <main+0x4ce>
                    else         { g_level = 0;      }            /* 消灯(0%) */
    1214:	4782                	lw	a5,0(sp)
    1216:	00078023          	sb	zero,0(a5)
    if (g_fadeDurMs) { g_fadeTo = target_lx(); g_fadeFrom = g_dispLx; g_fadeStart = SysTick->CNT; }
    121a:	5782                	lw	a5,32(sp)
    121c:	c232                	sw	a2,4(sp)
    121e:	0007d483          	lhu	s1,0(a5)
    1222:	919ff0ef          	jal	ra,b3a <target_lx>
    1226:	4612                	lw	a2,4(sp)
    1228:	c0e18713          	addi	a4,gp,-1010 # 2000000a <g_dispLx>
    122c:	c495                	beqz	s1,1258 <main+0x556>
    122e:	c0a19e23          	sh	a0,-996(gp) # 20000018 <g_fadeTo>
    1232:	00075683          	lhu	a3,0(a4)
    1236:	c0d19a23          	sh	a3,-1004(gp) # 20000010 <g_fadeFrom>
    123a:	e000f737          	lui	a4,0xe000f
    123e:	4714                	lw	a3,8(a4)
    1240:	c0d1ac23          	sw	a3,-1000(gp) # 20000014 <g_fadeStart>
                lastDir = dir; lastStepTick = now;
    1244:	cc32                	sw	a2,24(sp)
    output_refresh();
    1246:	ca22                	sw	s0,20(sp)
                dirty = 1; dirtyTick = now;        /* 変更 → 5秒後にコミット予約 */
    1248:	4485                	li	s1,1
    124a:	b3b1                	j	f96 <main+0x294>
                    else         g_level = (g_level > step)         ? (uint8_t)(g_level - step) : 0u;
    124c:	4681                	li	a3,0
    124e:	fae37be3          	bgeu	t1,a4,1204 <main+0x502>
    1252:	40670733          	sub	a4,a4,t1
    1256:	b76d                	j	1200 <main+0x4fe>
    1258:	c232                	sw	a2,4(sp)
    g_dispLx = target_lx();
    125a:	00a71023          	sh	a0,0(a4) # e000f000 <_eusrstack+0xc000e800>
    output_refresh();
    125e:	903ff0ef          	jal	ra,b60 <output_refresh>
                dirty = 1; dirtyTick = now;        /* 変更 → 5秒後にコミット予約 */
    1262:	4612                	lw	a2,4(sp)
    1264:	b7c5                	j	1244 <main+0x542>
            swCand = swRaw; swCandTick = nowSw;
    1266:	d63e                	sw	a5,44(sp)
        if (dirty) {
    1268:	d80499e3          	bnez	s1,ffa <main+0x2f8>
        }
#endif

#if NIGHTLIGHT_ENABLE
        /* --- 常夜灯: 本体が完全に暗い(消灯意図かつフェード完了で輝度0)ときだけ呼吸 --- */
        nightlight_update(((!g_on || g_level == 0) && g_dispLx == 0) ? 1u : 0u);
    126c:	47a2                	lw	a5,8(sp)
    126e:	0007c703          	lbu	a4,0(a5)
    1272:	c2c18793          	addi	a5,gp,-980 # 20000028 <g_nlStart>
    1276:	c709                	beqz	a4,1280 <main+0x57e>
    1278:	4702                	lw	a4,0(sp)
    127a:	00074703          	lbu	a4,0(a4)
    127e:	e719                	bnez	a4,128c <main+0x58a>
        if (g_nlActive) { ws_off(); g_nlActive = 0; }
        g_nlPhaseOff = 0; g_nlStart = now; g_nlRefresh = now;
        return;
    }

    if (!g_nlActive) {                    /* 暗へ遷移: 呼吸フェーズ先頭から開始 */
    1280:	5712                	lw	a4,36(sp)
    1282:	c0e1d683          	lhu	a3,-1010(gp) # 2000000a <g_dispLx>
    1286:	00074703          	lbu	a4,0(a4)
    128a:	ce8d                	beqz	a3,12c4 <main+0x5c2>
    uint32_t now = SysTick->CNT;
    128c:	e000f737          	lui	a4,0xe000f
    1290:	4700                	lw	s0,8(a4)
        if (g_nlActive) { ws_off(); g_nlActive = 0; }
    1292:	5712                	lw	a4,36(sp)
    1294:	00074703          	lbu	a4,0(a4) # e000f000 <_eusrstack+0xc000e800>
    1298:	cb01                	beqz	a4,12a8 <main+0x5a6>
    129a:	897ff0ef          	jal	ra,b30 <ws_off>
    129e:	5792                	lw	a5,36(sp)
    12a0:	00078023          	sb	zero,0(a5)
    12a4:	c2c18793          	addi	a5,gp,-980 # 20000028 <g_nlStart>
        g_nlPhaseOff = 0; g_nlStart = now; g_nlRefresh = now;
    12a8:	4742                	lw	a4,16(sp)
    12aa:	c380                	sw	s0,0(a5)
    12ac:	00070023          	sb	zero,0(a4)
    12b0:	c281a423          	sw	s0,-984(gp) # 20000024 <g_nlRefresh>
    uint16_t savedState = STORE_PACK(g_on, g_level);  /* 既にフラッシュにある状態 */
    12b4:	5782                	lw	a5,32(sp)
    12b6:	ce3e                	sw	a5,28(sp)
    12b8:	b1a9                	j	f02 <main+0x200>
            if (swStable == 0) {                        /* 確定した押下(立下り)でトグル */
    12ba:	5782                	lw	a5,32(sp)
    12bc:	d43e                	sw	a5,40(sp)
    12be:	b76d                	j	1268 <main+0x566>
        for (uint32_t a = STORE_BASE_ADDR; a < STORE_BASE_ADDR + STORE_SIZE_BYTES;
    12c0:	4705                	li	a4,1
    12c2:	bb45                	j	1072 <main+0x370>
    uint32_t now = SysTick->CNT;
    12c4:	e000f6b7          	lui	a3,0xe000f
    12c8:	4680                	lw	s0,8(a3)
    if (!g_nlActive) {                    /* 暗へ遷移: 呼吸フェーズ先頭から開始 */
    12ca:	c31d                	beqz	a4,12f0 <main+0x5ee>
    /* 経過を先に ms へ(tick/48000)。以降は ms で比較し、Ticks_from_Ms(大きな周期)の
     * uint32 オーバーフロー(period×48000 が 2^32 超)を避ける。
     * el_ms は 32bit SysTick のラップ(~89s @48MHz)未満で有効 → 周期/間隔は静的に上限制約。 */
    uint32_t el_ms = (uint32_t)(now - g_nlStart) / Ticks_from_Ms(1);

    if (g_nlPhaseOff) {                   /* インターバル(完全オフ) */
    12cc:	46c2                	lw	a3,16(sp)
    uint32_t el_ms = (uint32_t)(now - g_nlStart) / Ticks_from_Ms(1);
    12ce:	4398                	lw	a4,0(a5)
    if (g_nlPhaseOff) {                   /* インターバル(完全オフ) */
    12d0:	0006c683          	lbu	a3,0(a3) # e000f000 <_eusrstack+0xc000e800>
    uint32_t el_ms = (uint32_t)(now - g_nlStart) / Ticks_from_Ms(1);
    12d4:	40e40733          	sub	a4,s0,a4
    if (g_nlPhaseOff) {                   /* インターバル(完全オフ) */
    12d8:	ce85                	beqz	a3,1310 <main+0x60e>
        if (el_ms >= (uint32_t)NIGHTLIGHT_INTERVAL_MS) {
    12da:	089546b7          	lui	a3,0x8954
    12de:	3ff68693          	addi	a3,a3,1023 # 89543ff <lightbox.c.420568a4+0x8951718>
    12e2:	fce6f9e3          	bgeu	a3,a4,12b4 <main+0x5b2>
            g_nlPhaseOff = 0; g_nlStart = now;   /* 次の呼吸へ */
    12e6:	4742                	lw	a4,16(sp)
    12e8:	c380                	sw	s0,0(a5)
    12ea:	00070023          	sb	zero,0(a4)
    12ee:	b7d9                	j	12b4 <main+0x5b2>
        g_nlActive = 1; g_nlPhaseOff = 0; g_nlStart = now; g_nlRefresh = now - Ticks_from_Ms(NIGHTLIGHT_REFRESH_MS);
    12f0:	5692                	lw	a3,36(sp)
    12f2:	4705                	li	a4,1
    12f4:	c380                	sw	s0,0(a5)
    12f6:	00e68023          	sb	a4,0(a3)
    12fa:	4742                	lw	a4,16(sp)
    12fc:	00070023          	sb	zero,0(a4)
    1300:	ffea0737          	lui	a4,0xffea0
    1304:	70070713          	addi	a4,a4,1792 # ffea0700 <_eusrstack+0xdfe9ff00>
    1308:	9722                	add	a4,a4,s0
    130a:	c2e1a423          	sw	a4,-984(gp) # 20000024 <g_nlRefresh>
    130e:	bf7d                	j	12cc <main+0x5ca>
        }
        return;                          /* オフ中は送信不要 */
    }

    /* 呼吸フェーズ: 明→暗 1往復 (三角波) を CIE で */
    if (el_ms >= (uint32_t)NIGHTLIGHT_PERIOD_MS) {
    1310:	0b71b6b7          	lui	a3,0xb71b
    1314:	00d76a63          	bltu	a4,a3,1328 <main+0x626>
        g_nlPhaseOff = 1; g_nlStart = now; ws_off();  /* 往復完了→オフへ */
    1318:	46c2                	lw	a3,16(sp)
    131a:	4705                	li	a4,1
    131c:	c380                	sw	s0,0(a5)
    131e:	00e68023          	sb	a4,0(a3) # b71b000 <lightbox.c.420568a4+0xb718319>
    1322:	80fff0ef          	jal	ra,b30 <ws_off>
        return;
    1326:	b779                	j	12b4 <main+0x5b2>
    }
    /* リフレッシュ間隔でのみ送信(REFRESHは小さいので tick 比較で可) */
    if ((uint32_t)(now - g_nlRefresh) < Ticks_from_Ms(NIGHTLIGHT_REFRESH_MS)) return;
    1328:	c2818793          	addi	a5,gp,-984 # 20000024 <g_nlRefresh>
    132c:	4390                	lw	a2,0(a5)
    132e:	001606b7          	lui	a3,0x160
    1332:	8ff68693          	addi	a3,a3,-1793 # 15f8ff <lightbox.c.420568a4+0x15cc18>
    1336:	40c40633          	sub	a2,s0,a2
    133a:	f6c6fde3          	bgeu	a3,a2,12b4 <main+0x5b2>
    uint32_t el_ms = (uint32_t)(now - g_nlStart) / Ticks_from_Ms(1);
    133e:	65b1                	lui	a1,0xc
    1340:	853a                	mv	a0,a4
    1342:	b8058593          	addi	a1,a1,-1152 # bb80 <lightbox.c.420568a4+0x8e99>
    1346:	ce3a                	sw	a4,28(sp)
    1348:	d88ff0ef          	jal	ra,8d0 <__hidden___udivsi3>
    g_nlRefresh = now;
    134c:	c2818793          	addi	a5,gp,-984 # 20000024 <g_nlRefresh>

    uint32_t half_ms = (uint32_t)NIGHTLIGHT_PERIOD_MS / 2u;
    uint32_t Lx;                                            /* L* x100 (0..10000) */
    if (el_ms < half_ms) Lx = 10000u * el_ms / half_ms;                         /* 明るく */
    1350:	4772                	lw	a4,28(sp)
    g_nlRefresh = now;
    1352:	c380                	sw	s0,0(a5)
    if (el_ms < half_ms) Lx = 10000u * el_ms / half_ms;                         /* 明るく */
    1354:	05b8d7b7          	lui	a5,0x5b8d
    1358:	7ff78793          	addi	a5,a5,2047 # 5b8d7ff <lightbox.c.420568a4+0x5b8ab18>
    135c:	04e7ee63          	bltu	a5,a4,13b8 <main+0x6b6>
    1360:	6589                	lui	a1,0x2
    1362:	71058593          	addi	a1,a1,1808 # 2710 <_data_lma+0x710>
    1366:	cf2ff0ef          	jal	ra,858 <__mulsi3>
    136a:	7d000593          	li	a1,2000
    else                 Lx = 10000u * ((uint32_t)NIGHTLIGHT_PERIOD_MS - el_ms) / half_ms; /* 暗く */
    136e:	d62ff0ef          	jal	ra,8d0 <__hidden___udivsi3>

    uint8_t r = (uint8_t)cie_scale(Lx, WS_MAX_R);
    1372:	04000593          	li	a1,64
    else                 Lx = 10000u * ((uint32_t)NIGHTLIGHT_PERIOD_MS - el_ms) / half_ms; /* 暗く */
    1376:	842a                	mv	s0,a0
    uint8_t r = (uint8_t)cie_scale(Lx, WS_MAX_R);
    1378:	e3cff0ef          	jal	ra,9b4 <cie_scale>
    137c:	de2a                	sw	a0,60(sp)
    uint8_t g = (uint8_t)cie_scale(Lx, WS_MAX_G);
    137e:	03000593          	li	a1,48
    1382:	8522                	mv	a0,s0
    1384:	e30ff0ef          	jal	ra,9b4 <cie_scale>
    1388:	dc2a                	sw	a0,56(sp)
    uint8_t b = (uint8_t)cie_scale(Lx, WS_MAX_B);
    138a:	45a1                	li	a1,8
    138c:	8522                	mv	a0,s0
    138e:	e26ff0ef          	jal	ra,9b4 <cie_scale>
    1392:	ce2a                	sw	a0,28(sp)
    uint8_t w = (uint8_t)cie_scale(Lx, WS_MAX_W);
    1394:	45c1                	li	a1,16
    1396:	8522                	mv	a0,s0
    1398:	e1cff0ef          	jal	ra,9b4 <cie_scale>
    ws_send_rgbw(r, g, b, w);
    139c:	4672                	lw	a2,28(sp)
    139e:	5762                	lw	a4,56(sp)
    13a0:	57f2                	lw	a5,60(sp)
    13a2:	0ff57693          	andi	a3,a0,255
    13a6:	0ff67613          	andi	a2,a2,255
    13aa:	0ff77593          	andi	a1,a4,255
    13ae:	0ff7f513          	andi	a0,a5,255
    13b2:	eaeff0ef          	jal	ra,a60 <ws_send_rgbw>
    13b6:	bdfd                	j	12b4 <main+0x5b2>
    else                 Lx = 10000u * ((uint32_t)NIGHTLIGHT_PERIOD_MS - el_ms) / half_ms; /* 暗く */
    13b8:	75f9                	lui	a1,0xffffe
    13ba:	8f058593          	addi	a1,a1,-1808 # ffffd8f0 <_eusrstack+0xdfffd0f0>
    13be:	c9aff0ef          	jal	ra,858 <__mulsi3>
    13c2:	026267b7          	lui	a5,0x2626
    13c6:	a0078793          	addi	a5,a5,-1536 # 2625a00 <lightbox.c.420568a4+0x2622d19>
    13ca:	7d000593          	li	a1,2000
    13ce:	953e                	add	a0,a0,a5
    13d0:	bf79                	j	136e <main+0x66c>
	...

000013d4 <__clz_tab>:
    13d4:	0100 0202 0303 0303 0404 0404 0404 0404     ................
    13e4:	0505 0505 0505 0505 0505 0505 0505 0505     ................
    13f4:	0606 0606 0606 0606 0606 0606 0606 0606     ................
    1404:	0606 0606 0606 0606 0606 0606 0606 0606     ................
    1414:	0707 0707 0707 0707 0707 0707 0707 0707     ................
    1424:	0707 0707 0707 0707 0707 0707 0707 0707     ................
    1434:	0707 0707 0707 0707 0707 0707 0707 0707     ................
    1444:	0707 0707 0707 0707 0707 0707 0707 0707     ................
    1454:	0808 0808 0808 0808 0808 0808 0808 0808     ................
    1464:	0808 0808 0808 0808 0808 0808 0808 0808     ................
    1474:	0808 0808 0808 0808 0808 0808 0808 0808     ................
    1484:	0808 0808 0808 0808 0808 0808 0808 0808     ................
    1494:	0808 0808 0808 0808 0808 0808 0808 0808     ................
    14a4:	0808 0808 0808 0808 0808 0808 0808 0808     ................
    14b4:	0808 0808 0808 0808 0808 0808 0808 0808     ................
    14c4:	0808 0808 0808 0808 0808 0808 0808 0808     ................

000014d4 <ENC_TT>:
    14d4:	0200 0004 0003 1001 0203 0000 0203 0001     ................
    14e4:	0006 0004 0506 2000 0506 0004 0000 0000     ....... ........
	...

00001800 <g_store>:
    1800:	ffff ffff ffff ffff ffff ffff ffff ffff     ................
    1810:	ffff ffff ffff ffff ffff ffff ffff ffff     ................
    1820:	ffff ffff ffff ffff ffff ffff ffff ffff     ................
    1830:	ffff ffff ffff ffff ffff ffff ffff ffff     ................
    1840:	ffff ffff ffff ffff ffff ffff ffff ffff     ................
    1850:	ffff ffff ffff ffff ffff ffff ffff ffff     ................
    1860:	ffff ffff ffff ffff ffff ffff ffff ffff     ................
    1870:	ffff ffff ffff ffff ffff ffff ffff ffff     ................
    1880:	ffff ffff ffff ffff ffff ffff ffff ffff     ................
    1890:	ffff ffff ffff ffff ffff ffff ffff ffff     ................
    18a0:	ffff ffff ffff ffff ffff ffff ffff ffff     ................
    18b0:	ffff ffff ffff ffff ffff ffff ffff ffff     ................
    18c0:	ffff ffff ffff ffff ffff ffff ffff ffff     ................
    18d0:	ffff ffff ffff ffff ffff ffff ffff ffff     ................
    18e0:	ffff ffff ffff ffff ffff ffff ffff ffff     ................
    18f0:	ffff ffff ffff ffff ffff ffff ffff ffff     ................
    1900:	ffff ffff ffff ffff ffff ffff ffff ffff     ................
    1910:	ffff ffff ffff ffff ffff ffff ffff ffff     ................
    1920:	ffff ffff ffff ffff ffff ffff ffff ffff     ................
    1930:	ffff ffff ffff ffff ffff ffff ffff ffff     ................
    1940:	ffff ffff ffff ffff ffff ffff ffff ffff     ................
    1950:	ffff ffff ffff ffff ffff ffff ffff ffff     ................
    1960:	ffff ffff ffff ffff ffff ffff ffff ffff     ................
    1970:	ffff ffff ffff ffff ffff ffff ffff ffff     ................
    1980:	ffff ffff ffff ffff ffff ffff ffff ffff     ................
    1990:	ffff ffff ffff ffff ffff ffff ffff ffff     ................
    19a0:	ffff ffff ffff ffff ffff ffff ffff ffff     ................
    19b0:	ffff ffff ffff ffff ffff ffff ffff ffff     ................
    19c0:	ffff ffff ffff ffff ffff ffff ffff ffff     ................
    19d0:	ffff ffff ffff ffff ffff ffff ffff ffff     ................
    19e0:	ffff ffff ffff ffff ffff ffff ffff ffff     ................
    19f0:	ffff ffff ffff ffff ffff ffff ffff ffff     ................
    1a00:	ffff ffff ffff ffff ffff ffff ffff ffff     ................
    1a10:	ffff ffff ffff ffff ffff ffff ffff ffff     ................
    1a20:	ffff ffff ffff ffff ffff ffff ffff ffff     ................
    1a30:	ffff ffff ffff ffff ffff ffff ffff ffff     ................
    1a40:	ffff ffff ffff ffff ffff ffff ffff ffff     ................
    1a50:	ffff ffff ffff ffff ffff ffff ffff ffff     ................
    1a60:	ffff ffff ffff ffff ffff ffff ffff ffff     ................
    1a70:	ffff ffff ffff ffff ffff ffff ffff ffff     ................
    1a80:	ffff ffff ffff ffff ffff ffff ffff ffff     ................
    1a90:	ffff ffff ffff ffff ffff ffff ffff ffff     ................
    1aa0:	ffff ffff ffff ffff ffff ffff ffff ffff     ................
    1ab0:	ffff ffff ffff ffff ffff ffff ffff ffff     ................
    1ac0:	ffff ffff ffff ffff ffff ffff ffff ffff     ................
    1ad0:	ffff ffff ffff ffff ffff ffff ffff ffff     ................
    1ae0:	ffff ffff ffff ffff ffff ffff ffff ffff     ................
    1af0:	ffff ffff ffff ffff ffff ffff ffff ffff     ................
    1b00:	ffff ffff ffff ffff ffff ffff ffff ffff     ................
    1b10:	ffff ffff ffff ffff ffff ffff ffff ffff     ................
    1b20:	ffff ffff ffff ffff ffff ffff ffff ffff     ................
    1b30:	ffff ffff ffff ffff ffff ffff ffff ffff     ................
    1b40:	ffff ffff ffff ffff ffff ffff ffff ffff     ................
    1b50:	ffff ffff ffff ffff ffff ffff ffff ffff     ................
    1b60:	ffff ffff ffff ffff ffff ffff ffff ffff     ................
    1b70:	ffff ffff ffff ffff ffff ffff ffff ffff     ................
    1b80:	ffff ffff ffff ffff ffff ffff ffff ffff     ................
    1b90:	ffff ffff ffff ffff ffff ffff ffff ffff     ................
    1ba0:	ffff ffff ffff ffff ffff ffff ffff ffff     ................
    1bb0:	ffff ffff ffff ffff ffff ffff ffff ffff     ................
    1bc0:	ffff ffff ffff ffff ffff ffff ffff ffff     ................
    1bd0:	ffff ffff ffff ffff ffff ffff ffff ffff     ................
    1be0:	ffff ffff ffff ffff ffff ffff ffff ffff     ................
    1bf0:	ffff ffff ffff ffff ffff ffff ffff ffff     ................
    1c00:	ffff ffff ffff ffff ffff ffff ffff ffff     ................
    1c10:	ffff ffff ffff ffff ffff ffff ffff ffff     ................
    1c20:	ffff ffff ffff ffff ffff ffff ffff ffff     ................
    1c30:	ffff ffff ffff ffff ffff ffff ffff ffff     ................
    1c40:	ffff ffff ffff ffff ffff ffff ffff ffff     ................
    1c50:	ffff ffff ffff ffff ffff ffff ffff ffff     ................
    1c60:	ffff ffff ffff ffff ffff ffff ffff ffff     ................
    1c70:	ffff ffff ffff ffff ffff ffff ffff ffff     ................
    1c80:	ffff ffff ffff ffff ffff ffff ffff ffff     ................
    1c90:	ffff ffff ffff ffff ffff ffff ffff ffff     ................
    1ca0:	ffff ffff ffff ffff ffff ffff ffff ffff     ................
    1cb0:	ffff ffff ffff ffff ffff ffff ffff ffff     ................
    1cc0:	ffff ffff ffff ffff ffff ffff ffff ffff     ................
    1cd0:	ffff ffff ffff ffff ffff ffff ffff ffff     ................
    1ce0:	ffff ffff ffff ffff ffff ffff ffff ffff     ................
    1cf0:	ffff ffff ffff ffff ffff ffff ffff ffff     ................
    1d00:	ffff ffff ffff ffff ffff ffff ffff ffff     ................
    1d10:	ffff ffff ffff ffff ffff ffff ffff ffff     ................
    1d20:	ffff ffff ffff ffff ffff ffff ffff ffff     ................
    1d30:	ffff ffff ffff ffff ffff ffff ffff ffff     ................
    1d40:	ffff ffff ffff ffff ffff ffff ffff ffff     ................
    1d50:	ffff ffff ffff ffff ffff ffff ffff ffff     ................
    1d60:	ffff ffff ffff ffff ffff ffff ffff ffff     ................
    1d70:	ffff ffff ffff ffff ffff ffff ffff ffff     ................
    1d80:	ffff ffff ffff ffff ffff ffff ffff ffff     ................
    1d90:	ffff ffff ffff ffff ffff ffff ffff ffff     ................
    1da0:	ffff ffff ffff ffff ffff ffff ffff ffff     ................
    1db0:	ffff ffff ffff ffff ffff ffff ffff ffff     ................
    1dc0:	ffff ffff ffff ffff ffff ffff ffff ffff     ................
    1dd0:	ffff ffff ffff ffff ffff ffff ffff ffff     ................
    1de0:	ffff ffff ffff ffff ffff ffff ffff ffff     ................
    1df0:	ffff ffff ffff ffff ffff ffff ffff ffff     ................
    1e00:	ffff ffff ffff ffff ffff ffff ffff ffff     ................
    1e10:	ffff ffff ffff ffff ffff ffff ffff ffff     ................
    1e20:	ffff ffff ffff ffff ffff ffff ffff ffff     ................
    1e30:	ffff ffff ffff ffff ffff ffff ffff ffff     ................
    1e40:	ffff ffff ffff ffff ffff ffff ffff ffff     ................
    1e50:	ffff ffff ffff ffff ffff ffff ffff ffff     ................
    1e60:	ffff ffff ffff ffff ffff ffff ffff ffff     ................
    1e70:	ffff ffff ffff ffff ffff ffff ffff ffff     ................
    1e80:	ffff ffff ffff ffff ffff ffff ffff ffff     ................
    1e90:	ffff ffff ffff ffff ffff ffff ffff ffff     ................
    1ea0:	ffff ffff ffff ffff ffff ffff ffff ffff     ................
    1eb0:	ffff ffff ffff ffff ffff ffff ffff ffff     ................
    1ec0:	ffff ffff ffff ffff ffff ffff ffff ffff     ................
    1ed0:	ffff ffff ffff ffff ffff ffff ffff ffff     ................
    1ee0:	ffff ffff ffff ffff ffff ffff ffff ffff     ................
    1ef0:	ffff ffff ffff ffff ffff ffff ffff ffff     ................
    1f00:	ffff ffff ffff ffff ffff ffff ffff ffff     ................
    1f10:	ffff ffff ffff ffff ffff ffff ffff ffff     ................
    1f20:	ffff ffff ffff ffff ffff ffff ffff ffff     ................
    1f30:	ffff ffff ffff ffff ffff ffff ffff ffff     ................
    1f40:	ffff ffff ffff ffff ffff ffff ffff ffff     ................
    1f50:	ffff ffff ffff ffff ffff ffff ffff ffff     ................
    1f60:	ffff ffff ffff ffff ffff ffff ffff ffff     ................
    1f70:	ffff ffff ffff ffff ffff ffff ffff ffff     ................
    1f80:	ffff ffff ffff ffff ffff ffff ffff ffff     ................
    1f90:	ffff ffff ffff ffff ffff ffff ffff ffff     ................
    1fa0:	ffff ffff ffff ffff ffff ffff ffff ffff     ................
    1fb0:	ffff ffff ffff ffff ffff ffff ffff ffff     ................
    1fc0:	ffff ffff ffff ffff ffff ffff ffff ffff     ................
    1fd0:	ffff ffff ffff ffff ffff ffff ffff ffff     ................
    1fe0:	ffff ffff ffff ffff ffff ffff ffff ffff     ................
    1ff0:	ffff ffff ffff ffff ffff ffff ffff ffff     ................
